Nama Product, Pelapak, Rating, Gambar Produk, Harga Barang, Detail Barang
,
CONDITIONER CAVIAR ORIGINAL  ,Kosmetik JKT,,https://s4.bukalapak.com/img/955379966/s-194-194/CONDITIONER_CAVIAR_ORIGINAL__.jpg,Rp32.000,https://www.bukalapak.com/p/perawatan-kecantikan/perawatan-wajah/masker-wajah-wanita/4uo5kn-jual-conditioner-caviar-original,
[ KOPI ] LULUR IBU HITAM / LULUR IBU KOPI / COFFEE  ,Kosmetik JKT,,https://s3.bukalapak.com/img/852179966/s-194-194/__KOPI___LULUR_IBU_HITAM___LULUR_IBU_KOPI___COFFEE__.jpg,Rp45.600,https://www.bukalapak.com/p/perawatan-kecantikan/perawatan-wajah/masker-wajah-wanita/4uo4gk-jual-kopi-lulur-ibu-hitam-lulur-ibu-kopi-coffee,
MASKER MY BEAUTY DIARY  ,Kosmetik JKT,,https://s0.bukalapak.com/img/513869966/s-194-194/MASKER_MY_BEAUTY_DIARY__.jpg,Rp6.300,https://www.bukalapak.com/p/perawatan-kecantikan/perawatan-wajah/masker-wajah-wanita/4uo3mh-jual-masker-my-beauty-diary,
Standing Mirror princess cermin standing bisa diputar 360 derajat Diskon,Kosmetik JKT,,https://s2.bukalapak.com/img/751769966/s-194-194/Standing_Mirror_princess_cermin_standing_bisa_diputar_360_de.jpg,Rp52.700,https://www.bukalapak.com/p/perawatan-kecantikan/perawatan-wajah/masker-wajah-wanita/4uo3bz-jual-standing-mirror-princess-cermin-standing-bisa-diputar-360-derajat-diskon,
[30ml] Salmon Bright By MUKU 30 ml ORIGINAL  ,Kosmetik JKT,,https://s0.bukalapak.com/img/080669966/s-194-194/_30ml__Salmon_Bright_By_MUKU_30_ml_ORIGINAL__.jpg,Rp664.000,https://www.bukalapak.com/p/perawatan-kecantikan/perawatan-wajah/pembersih-wajah-wanita/4uo37n-jual-30ml-salmon-bright-by-muku-30-ml-original,
[ GENDUT ] VAMPIRE / LOTION VAMPIRE JUMBO/BESAR BPOM  ,Kosmetik JKT,,https://s1.bukalapak.com/img/640769966/s-194-194/__GENDUT___VAMPIRE___LOTION_VAMPIRE_JUMBO_BESAR_BPOM__.jpg,Rp28.800,https://www.bukalapak.com/p/perawatan-kecantikan/perawatan-wajah/masker-wajah-wanita/4uo32w-jual-gendut-vampire-lotion-vampire-jumbo-besar-bpom,
[ JUMBO ] RAK baju besar jumbo ( cloth rack with cover BIG SIZE)  ,Kosmetik JKT,,https://s4.bukalapak.com/img/452369966/s-194-194/__JUMBO___RAK_baju_besar_jumbo___cloth_rack_with_cover_BIG_S.jpg,Rp344.000,https://www.bukalapak.com/p/perawatan-kecantikan/perawatan-wajah/masker-wajah-wanita/4uo1r5-jual-jumbo-rak-baju-besar-jumbo-cloth-rack-with-cover-big-size,
cincin couple titanium 078,Kosmetik JKT,,https://s2.bukalapak.com/img/220514611/s-194-194/CC078.jpg,Rp132.0005.0(4),https://www.bukalapak.com/p/perawatan-kecantikan/perawatan-wajah/masker-wajah-wanita/q50t7-jual-cincin-couple-titanium-078,
[sachet] NEW SLIMPATCH INA with GINGER  ,Kosmetik JKT,,https://s0.bukalapak.com/img/563759966/s-194-194/_sachet__NEW_SLIMPATCH_INA_with_GINGER__.jpg,Rp2.400,https://www.bukalapak.com/p/perawatan-kecantikan/perawatan-wajah/pembersih-wajah-wanita/4uo0a5-jual-sachet-new-slimpatch-ina-with-ginger,
Paket Facial Jafra,Kosmetik JKT,,https://s2.bukalapak.com/img/766119844/s-194-194/Paket_Facial_Jafra.jpg,Rp300.000,https://www.bukalapak.com/p/perawatan-kecantikan/perawatan-wajah/masker-wajah-wanita/37ydx3-jual-paket-facial-jafra,
Gentle Exfloating Scrub,Kosmetik JKT,,https://s1.bukalapak.com/img/138509844/s-194-194/Gentle_Exfloating_Scrub.jpg,Rp125.000,https://www.bukalapak.com/p/perawatan-kecantikan/perawatan-wajah/masker-wajah-wanita/37ybwv-jual-gentle-exfloating-scrub,
[ 3D ] KISS BEAUTY TINT 3D WATERPROOF  ,Kosmetik JKT,,https://s3.bukalapak.com/img/849659966/s-194-194/__3D___KISS_BEAUTY_TINT_3D_WATERPROOF__.jpg,Rp18.400,https://www.bukalapak.com/p/perawatan-kecantikan/perawatan-wajah/masker-wajah-wanita/4unysh-jual-3d-kiss-beauty-tint-3d-waterproof,
Masker Lumpur Mud Mask,Kosmetik JKT,,https://s1.bukalapak.com/img/136319844/s-194-194/Masker_Lumpur_Mud_Mask.jpg,Rp285.000,https://www.bukalapak.com/p/perawatan-kecantikan/perawatan-wajah/masker-wajah-pria/37yejf-jual-masker-lumpur-mud-mask,
PROMO Sample MudMask 15gr,Kosmetik JKT,,https://s0.bukalapak.com/img/064078655/s-194-194/PROMO_Sample_MudMask_15gr.jpg,Rp20.000,https://www.bukalapak.com/p/perawatan-kecantikan/perawatan-wajah/masker-wajah-wanita/40v40z-jual-promo-sample-mudmask-15gr,
Clear Blemish,Kosmetik JKT,,https://s2.bukalapak.com/img/726329844/s-194-194/Clear_Blemish.jpg,Rp100.000,https://www.bukalapak.com/p/perawatan-kecantikan/perawatan-wajah/suplemen-wajah-pria/37yiu3-jual-clear-blemish,
Malibu Miracle Mask,Kosmetik JKT,,https://s3.bukalapak.com/img/387809844/s-194-194/Malibu_Miracle_Mask.jpg,Rp200.000,https://www.bukalapak.com/p/perawatan-kecantikan/perawatan-wajah/masker-wajah-wanita/37ycqr-jual-malibu-miracle-mask,
Milano Ashley Original Bpom 500 mL  ,Kosmetik JKT,,https://s1.bukalapak.com/img/648359966/s-194-194/Milano_Ashley_Original_Bpom_500_mL__.jpg,Rp60.800,https://www.bukalapak.com/p/perawatan-kecantikan/perawatan-wajah/masker-wajah-wanita/4unxcb-jual-milano-ashley-original-bpom-500-ml,
Balancing Advanced Dynamics Jafra,Kosmetik JKT,,https://s3.bukalapak.com/img/382349966/s-194-194/20161122_093015_scaled.jpg,Rp257.500,https://www.bukalapak.com/p/perawatan-kecantikan/perawatan-wajah/pembersih-wajah-pria/4unwfk-jual-balancing-advanced-dynamics-jafra,
Susu Kambing Etawa GMP Nutri / Susu Kambing Gomars  ,Kosmetik JKT,,https://s1.bukalapak.com/img/686159966/s-194-194/Susu_Kambing_Etawa_GMP_Nutri___Susu_Kambing_Gomars__.jpg,Rp31.200,https://www.bukalapak.com/p/perawatan-kecantikan/perawatan-wajah/masker-wajah-wanita/4unw4q-jual-susu-kambing-etawa-gmp-nutri-susu-kambing-gomars,
SABUN SEREH POMPIA  ,Kosmetik JKT,,https://s3.bukalapak.com/img/808949966/s-194-194/SABUN_SEREH_POMPIA__.jpg,Rp8.000,https://www.bukalapak.com/p/perawatan-kecantikan/perawatan-wajah/masker-wajah-wanita/4unvi5-jual-sabun-sereh-pompia,
Cetaphil Gentle Skin Cleanser 125 Ml,Kosmetik JKT,,https://s4.bukalapak.com/img/931489783/s-194-194/image.jpg,Rp89.0005.0(1),https://www.bukalapak.com/p/perawatan-kecantikan/perawatan-wajah/pembersih-wajah-wanita/2rfdcz-jual-cetaphil-gentle-skin-cleanser-125-ml,
CEMPORENG KERATON AYU ORIGINAL  ,Kosmetik JKT,,https://s3.bukalapak.com/img/397649966/s-194-194/CEMPORENG_KERATON_AYU_ORIGINAL__.jpg,Rp36.800,https://www.bukalapak.com/p/perawatan-kecantikan/perawatan-wajah/masker-wajah-wanita/4unuwt-jual-cemporeng-keraton-ayu-original,
Madu Diet  ,Kosmetik JKT,,https://s4.bukalapak.com/img/966449966/s-194-194/Madu_Diet__.jpg,Rp46.400,https://www.bukalapak.com/p/perawatan-kecantikan/perawatan-wajah/masker-wajah-wanita/4untyb-jual-madu-diet,
EYESHADOW DOMPET NAKED  ,Kosmetik JKT,,https://s1.bukalapak.com/img/665249966/s-194-194/EYESHADOW_DOMPET_NAKED__.jpg,Rp43.200,https://www.bukalapak.com/p/perawatan-kecantikan/perawatan-wajah/masker-wajah-wanita/4unsyq-jual-eyeshadow-dompet-naked,
landbis eyebrow ,Kosmetik JKT,,https://s2.bukalapak.com/img/736049966/s-194-194/LANDBISEYEBROWGEL_2_scaled.jpg,Rp19.900,https://www.bukalapak.com/p/perawatan-kecantikan/perawatan-wajah/masker-wajah-wanita/4unssz-jual-landbis-eyebrow,
CREAMBATH/MASKER BQ  ,Kosmetik JKT,,https://s2.bukalapak.com/img/783149966/s-194-194/CREAMBATH_MASKER_BQ__.jpg,Rp4.000,https://www.bukalapak.com/p/perawatan-kecantikan/perawatan-wajah/masker-wajah-wanita/4unsle-jual-creambath-masker-bq,
Pemutih Wajah Pria - Pemutih Wajah Cowok - Pemutih wajah wanita - pemutih wajah cewek,Kosmetik JKT,,https://s3.bukalapak.com/img/388692354/s-194-194/Pemutih_Wajah_Pria___Pemutih_Wajah_Cowok___Pemutih_wajah_wan.png,Rp99.000Rp94.1004.3(3)Gratis Biaya Kirim  ?,https://www.bukalapak.com/p/perawatan-kecantikan/perawatan-wajah/pembersih-wajah-pria/2rqggj-jual-pemutih-wajah-pria-pemutih-wajah-cowok-pemutih-wajah-wanita-pemutih-wajah-cewek,
Soothing Advanced Dynamics Night Cream,Kosmetik JKT,,https://s2.bukalapak.com/img/294419966/s-194-194/20161122_104618_scaled.jpg,Rp241.500,https://www.bukalapak.com/p/perawatan-kecantikan/perawatan-wajah/pembersih-wajah-wanita/4unscb-jual-soothing-advanced-dynamics-night-cream,
Large size Wenbo Vacuum storage bag 70x100 cm  ,Kosmetik JKT,,https://s2.bukalapak.com/img/730049966/s-194-194/Large_size_Wenbo_Vacuum_storage_bag_70x100_cm__.jpg,Rp25.600,https://www.bukalapak.com/p/perawatan-kecantikan/perawatan-wajah/masker-wajah-wanita/4uns7q-jual-large-size-wenbo-vacuum-storage-bag-70x100-cm,
Bento Rice Mold - LOVE Shaped - Popular Japan Products  ,Kosmetik JKT,,https://s0.bukalapak.com/img/045839966/s-194-194/Bento_Rice_Mold___LOVE_Shaped___Popular_Japan_Products__.jpg,Rp13.600,https://www.bukalapak.com/p/perawatan-kecantikan/perawatan-wajah/masker-wajah-wanita/4unrhw-jual-bento-rice-mold-love-shaped-popular-japan-products,
Mini Remote Organizer  ,munandar,,https://s3.bukalapak.com/img/311533076/s-194-194/Mini_Remote_Organizer__.jpg,Rp32.000,https://www.bukalapak.com/p/perawatan-kecantikan/perawatan-wajah/masker-wajah-wanita/4uro3q-jual-mini-remote-organizer,
Vapur Bottle Grosir Botol Minum Yg Bisa Dilipat.  ,munandar,,https://s3.bukalapak.com/img/316333076/s-194-194/Vapur_Bottle_Grosir_Botol_Minum_Yg_Bisa_Dilipat__.jpg,Rp6.400,https://www.bukalapak.com/p/perawatan-kecantikan/perawatan-wajah/masker-wajah-wanita/4urnq2-jual-vapur-bottle-grosir-botol-minum-yg-bisa-dilipat,
Refill pisau cukur gillette fusion proglide,munandar,,https://s0.bukalapak.com/img/059923076/s-194-194/Refill_pisau_cukur_gillette_fusion_proglide.jpg,Rp100.000,https://www.bukalapak.com/p/perawatan-kecantikan/perawatan-wajah/pembersih-wajah-pria/4urnle-jual-refill-pisau-cukur-gillette-fusion-proglide,
PISAU HELLO KITTY  ,munandar,,https://s4.bukalapak.com/img/494233076/s-194-194/PISAU_HELLO_KITTY__.jpg,Rp27.200,https://www.bukalapak.com/p/perawatan-kecantikan/perawatan-wajah/masker-wajah-wanita/4urncn-jual-pisau-hello-kitty,
TRAVELLER BOX  ,munandar,,https://s1.bukalapak.com/img/612133076/s-194-194/TRAVELLER_BOX__.jpg,Rp45.600,https://www.bukalapak.com/p/perawatan-kecantikan/perawatan-wajah/masker-wajah-wanita/4urmzt-jual-traveller-box,
UKURAN 10 GRAM KISS SKINCARE COLLAGEN WHITE MASK  ,munandar,,https://s0.bukalapak.com/img/043033076/s-194-194/UKURAN_10_GRAM_KISS_SKINCARE_COLLAGEN_WHITE_MASK__.jpg,Rp192.000,https://www.bukalapak.com/p/perawatan-kecantikan/perawatan-wajah/pembersih-wajah-wanita/4urmyh-jual-ukuran-10-gram-kiss-skincare-collagen-white-mask,
SLIMMING SLIPPER  ,munandar,,https://s4.bukalapak.com/img/437923076/s-194-194/SLIMMING_SLIPPER__.jpg,Rp48.000,https://www.bukalapak.com/p/perawatan-kecantikan/perawatan-wajah/masker-wajah-wanita/4urmft-jual-slimming-slipper,
GLUTA DRINK  ,munandar,,https://s4.bukalapak.com/img/933823076/s-194-194/GLUTA_DRINK__.jpg,Rp45.600,https://www.bukalapak.com/p/perawatan-kecantikan/perawatan-wajah/masker-wajah-wanita/4urm1h-jual-gluta-drink,
Cream KUDA Korea GUERISSON 9 complex ORIGINAL  ,munandar,,https://s0.bukalapak.com/img/557623076/s-194-194/Cream_KUDA_Korea_GUERISSON_9_complex_ORIGINAL__.jpg,Rp144.000,https://www.bukalapak.com/p/perawatan-kecantikan/perawatan-wajah/pembersih-wajah-wanita/4urlqn-jual-cream-kuda-korea-guerisson-9-complex-original,
ORGANIZER BAJU BERDIRI ( 3 WARNA )  ,munandar,,https://s2.bukalapak.com/img/749623076/s-194-194/ORGANIZER_BAJU_BERDIRI___3_WARNA____.jpg,Rp30.400,https://www.bukalapak.com/p/perawatan-kecantikan/perawatan-wajah/masker-wajah-wanita/4urll5-jual-organizer-baju-berdiri-3-warna,
Roll n Go  ,munandar,,https://s2.bukalapak.com/img/291523076/s-194-194/Roll_n_Go__.jpg,Rp30.000,https://www.bukalapak.com/p/perawatan-kecantikan/perawatan-wajah/masker-wajah-wanita/4urktz-jual-roll-n-go,
REFILL - (CNAIER FACIAL CLEANER / ROYU MAGIC FACIAL VIBRATING)  ,munandar,,https://s3.bukalapak.com/img/887323076/s-194-194/REFILL____CNAIER_FACIAL_CLEANER___ROYU_MAGIC_FACIAL_VIBRATIN.jpg,Rp32.000,https://www.bukalapak.com/p/perawatan-kecantikan/perawatan-wajah/masker-wajah-wanita/4urkfz-jual-refill-cnaier-facial-cleaner-royu-magic-facial-vibrating,
KITTY Sandwich Mold bread mold sandwich maker !  ,munandar,,https://s4.bukalapak.com/img/966223076/s-194-194/KITTY_Sandwich_Mold_bread_mold_sandwich_maker____.jpg,Rp14.200,https://www.bukalapak.com/p/perawatan-kecantikan/perawatan-wajah/masker-wajah-wanita/4urk35-jual-kitty-sandwich-mold-bread-mold-sandwich-maker,
Bear Sandwich Mold bread mold sandwich maker !  ,munandar,,https://s4.bukalapak.com/img/400123076/s-194-194/Bear_Sandwich_Mold_bread_mold_sandwich_maker____.jpg,Rp14.200,https://www.bukalapak.com/p/perawatan-kecantikan/perawatan-wajah/masker-wajah-wanita/4urjnt-jual-bear-sandwich-mold-bread-mold-sandwich-maker,
Firming Lotion cheek & Neck (membuat wajah V-line) HALAL & BPOM  ,munandar,,https://s1.bukalapak.com/img/658813076/s-194-194/Firming_Lotion_cheek___Neck__membuat_wajah_V_line__HALAL___B.png,Rp200.000,https://www.bukalapak.com/p/perawatan-kecantikan/perawatan-wajah/pembersih-wajah-wanita/4urjc8-jual-firming-lotion-cheek-neck-membuat-wajah-v-line-halal-bpom,
CAR Sandwich Mold bread mold sandwich maker!  ,munandar,,https://s4.bukalapak.com/img/967813076/s-194-194/CAR_Sandwich_Mold_bread_mold_sandwich_maker___.jpg,Rp14.400,https://www.bukalapak.com/p/perawatan-kecantikan/perawatan-wajah/masker-wajah-wanita/4urist-jual-car-sandwich-mold-bread-mold-sandwich-maker,
Paket Perawatan Wajah - Sammy Princess Perfect White Limited,munandar,,https://s4.bukalapak.com/img/985813076/s-194-194/Paket_Perawatan_Wajah___Sammy_Princess_Perfect_White_Limited.jpg,Rp663.000,https://www.bukalapak.com/p/perawatan-kecantikan/perawatan-wajah/suplemen-wajah-wanita/4uriqh-jual-paket-perawatan-wajah-sammy-princess-perfect-white-limited,
CELANA DALAM KHUSUS MENSTRUASI / CELANA ANTI BOCOR  ,munandar,,https://s3.bukalapak.com/img/877513076/s-194-194/CELANA_DALAM_KHUSUS_MENSTRUASI___CELANA_ANTI_BOCOR__.jpg,Rp12.400,https://www.bukalapak.com/p/perawatan-kecantikan/perawatan-wajah/masker-wajah-wanita/4urhxe-jual-celana-dalam-khusus-menstruasi-celana-anti-bocor,
SABUN DEONARD BLEACHING MERAH  ,munandar,,https://s4.bukalapak.com/img/980413076/s-194-194/SABUN_DEONARD_BLEACHING_MERAH__.jpg,Rp22.400,https://www.bukalapak.com/p/perawatan-kecantikan/perawatan-wajah/masker-wajah-wanita/4urhb5-jual-sabun-deonard-bleaching-merah,
FACIAL FOAM DEONARD BIRU  ,munandar,,https://s3.bukalapak.com/img/898213076/s-194-194/FACIAL_FOAM_DEONARD_BIRU__.jpg,Rp28.400,https://www.bukalapak.com/p/perawatan-kecantikan/perawatan-wajah/masker-wajah-wanita/4urgwt-jual-facial-foam-deonard-biru,
RIDDEX PEST as seen on tv china  ,munandar,,https://s3.bukalapak.com/img/841903076/s-194-194/RIDDEX_PEST_as_seen_on_tv_china__.jpg,Rp25.600,https://www.bukalapak.com/p/perawatan-kecantikan/perawatan-wajah/masker-wajah-wanita/4urfve-jual-riddex-pest-as-seen-on-tv-china,
Paket Cream Detox Gold + Sabun Beras Jepang,munandar,,https://s3.bukalapak.com/img/312403076/s-194-194/IMG_20161122_213423_scaled.jpg,Rp45.000,https://www.bukalapak.com/p/perawatan-kecantikan/perawatan-wajah/suplemen-wajah-wanita/4urftq-jual-paket-cream-detox-gold-sabun-beras-jepang,
Storage Bag ( TIDUR )  ,munandar,,https://s4.bukalapak.com/img/409603076/s-194-194/Storage_Bag___TIDUR____.jpg,Rp31.200,https://www.bukalapak.com/p/perawatan-kecantikan/perawatan-wajah/masker-wajah-wanita/4urewh-jual-storage-bag-tidur,
[SAMPLE] UKURAN 10 GRAM CREAM KUDA GUERISSON  ,munandar,,https://s0.bukalapak.com/img/072403076/s-194-194/_SAMPLE__UKURAN_10_GRAM_CREAM_KUDA_GUERISSON__.jpg,Rp32.000,https://www.bukalapak.com/p/perawatan-kecantikan/perawatan-wajah/pembersih-wajah-wanita/4uregb-jual-sample-ukuran-10-gram-cream-kuda-guerisson,
UNDERWEAR POUCH  ,munandar,,https://s4.bukalapak.com/img/410503076/s-194-194/UNDERWEAR_POUCH__.jpg,Rp32.000,https://www.bukalapak.com/p/perawatan-kecantikan/perawatan-wajah/masker-wajah-wanita/4ure9t-jual-underwear-pouch,
Mesin Jahit Mini Portable Elektrik  ,munandar,,https://s0.bukalapak.com/img/553303076/s-194-194/Mesin_Jahit_Mini_Portable_Elektrik__.jpg,Rp150.400,https://www.bukalapak.com/p/perawatan-kecantikan/perawatan-wajah/masker-wajah-wanita/4urdke-jual-mesin-jahit-mini-portable-elektrik,
penghilang jerawat komedo, perawatan wajah facial pore,munandar,,https://s2.bukalapak.com/img/737992076/s-194-194/penghilang_jerawat__komedo__perawatan_wajah_facial_pore.jpg,Rp35.000,https://www.bukalapak.com/p/perawatan-kecantikan/perawatan-wajah/pembersih-wajah-wanita/4urcjq-jual-penghilang-jerawat-komedo-perawatan-wajah-facial-pore,
Paket Cream Detox Gold + sabun rice milk,munandar,,https://s3.bukalapak.com/img/317992076/s-194-194/IMG_20161122_213535_scaled.jpg,Rp45.000,https://www.bukalapak.com/p/perawatan-kecantikan/perawatan-wajah/suplemen-wajah-wanita/4urch2-jual-paket-cream-detox-gold-sabun-rice-milk,
Xhose / Expandable Hose 15 Meter / 50 Feet Ft ( Sudah termasuk KEPALA SEMPROTAN ) as seen on TV  ,munandar,,https://s4.bukalapak.com/img/478003076/s-194-194/Xhose___Expandable_Hose_15_Meter___50_Feet_Ft___Sudah_termas.jpg,Rp60.000,https://www.bukalapak.com/p/perawatan-kecantikan/perawatan-wajah/masker-wajah-wanita/4urcfh-jual-xhose-expandable-hose-15-meter-50-feet-ft-sudah-termasuk-kepala-semprotan-as-seen-on-tv,
Door Bell chime Wireless V-ZORR  ,munandar,,https://s0.bukalapak.com/img/587992076/s-194-194/Door_Bell_chime_Wireless_V_ZORR__.jpg,Rp44.600,https://www.bukalapak.com/p/perawatan-kecantikan/perawatan-wajah/masker-wajah-wanita/4urc0n-jual-door-bell-chime-wireless-v-zorr,
Gelang Perhiasan Emas Berlian,munandar,,https://s0.bukalapak.com/img/576130076/s-194-194/Gelang_Perhiasan_Emas_Berlian.jpg,Rp165.000,https://www.bukalapak.com/p/perawatan-kecantikan/perawatan-wajah/masker-wajah-wanita/4uoo0n-jual-gelang-perhiasan-emas-berlian,
Cosmetic/kosmetik storage mini  ,munandar,,https://s4.bukalapak.com/img/471730076/s-194-194/Cosmetic_kosmetik_storage_mini__.jpg,Rp72.000,https://www.bukalapak.com/p/perawatan-kecantikan/perawatan-wajah/masker-wajah-wanita/4uonxz-jual-cosmetic-kosmetik-storage-mini,
sepatu anak laki thomas nyalamerk ARDILES,munandar,,https://s0.bukalapak.com/img/060512195/s-194-194/sepatu_anak_laki_thomas_nyala_merk_ARDILES.jpg,Rp129.9004.4(12),https://www.bukalapak.com/p/perawatan-kecantikan/perawatan-wajah/masker-wajah-wanita/1ndrlp-jual-sepatu-anak-laki-thomas-nyala-merk-ardiles,
[30ml] Vampire Serum 30ml Original Thailand  ,munandar,,https://s3.bukalapak.com/img/898330076/s-194-194/_30ml__Vampire_Serum_30ml_Original_Thailand__.jpg,Rp22.400,https://www.bukalapak.com/p/perawatan-kecantikan/perawatan-wajah/pembersih-wajah-wanita/4uonn5-jual-30ml-vampire-serum-30ml-original-thailand,
CELANA CALORIE / Calorie Off Pant  ,munandar,,https://s4.bukalapak.com/img/942130076/s-194-194/CELANA_CALORIE___Calorie_Off_Pant__.jpg,Rp64.000,https://www.bukalapak.com/p/perawatan-kecantikan/perawatan-wajah/masker-wajah-wanita/4uom8k-jual-celana-calorie-calorie-off-pant,
LIPBALM MUKKA BPOM  ,munandar,,https://s2.bukalapak.com/img/721030076/s-194-194/LIPBALM_MUKKA_BPOM__.jpg,Rp4.000,https://www.bukalapak.com/p/perawatan-kecantikan/perawatan-wajah/masker-wajah-wanita/4uolth-jual-lipbalm-mukka-bpom,
TONER TEMULAWAK  ,munandar,,https://s4.bukalapak.com/img/966820076/s-194-194/TONER_TEMULAWAK__.jpg,Rp22.400,https://www.bukalapak.com/p/perawatan-kecantikan/perawatan-wajah/masker-wajah-wanita/4uoldn-jual-toner-temulawak,
BELI 6 GRATIS 1 PAKET HN HETTY 30GR,munandar,,https://s4.bukalapak.com/img/468203126/s-194-194/BELI_6_GRATIS_1_PAKET_HN_HETTY_30GR.jpg,Rp64.000,https://www.bukalapak.com/p/perawatan-kecantikan/perawatan-wajah/masker-wajah-wanita/2fi6bb-jual-beli-6-gratis-1-paket-hn-hetty-30gr,
alat bantu se x pria wanita p maju mundur getar ,munandar,,https://s1.bukalapak.com/img/681820076/s-194-194/alat_bantu_se_x_pria_wanita_p_maju_mundur_getar_.jpg,Rp400.000,https://www.bukalapak.com/p/perawatan-kecantikan/perawatan-wajah/masker-wajah-wanita/4uol5b-jual-alat-bantu-se-x-pria-wanita-p-maju-mundur-getar,
Serum Temulawak V Natural Whitening Original ber-BPOM  ,munandar,,https://s4.bukalapak.com/img/982720076/s-194-194/Serum_Temulawak_V_Natural_Whitening_Original_ber_BPOM__.jpg,Rp39.200,https://www.bukalapak.com/p/perawatan-kecantikan/perawatan-wajah/masker-wajah-wanita/4uokz5-jual-serum-temulawak-v-natural-whitening-original-ber-bpom,
PARFUM RAMBUT MAKARIZO HAIR FRAGRANCE  ,munandar,,https://s4.bukalapak.com/img/944320076/s-194-194/PARFUM_RAMBUT_MAKARIZO_HAIR_FRAGRANCE__.jpg,Rp17.600,https://www.bukalapak.com/p/perawatan-kecantikan/perawatan-wajah/masker-wajah-wanita/4uokdw-jual-parfum-rambut-makarizo-hair-fragrance,
APEL-STEM  ,munandar,,https://s2.bukalapak.com/img/232120076/s-194-194/APEL_STEM__.jpg,Rp30.400,https://www.bukalapak.com/p/perawatan-kecantikan/perawatan-wajah/masker-wajah-wanita/4uojvh-jual-apel-stem,
alat bantu se x pria wanita vegy getar goyang suara ,munandar,,https://s1.bukalapak.com/img/644020076/s-194-194/alat_bantu_se_x_pria_wanita_vegy_getar_goyang_suara_.jpg,Rp400.000,https://www.bukalapak.com/p/perawatan-kecantikan/perawatan-wajah/masker-wajah-wanita/4uoji2-jual-alat-bantu-se-x-pria-wanita-vegy-getar-goyang-suara,
Tabir Surya untuk Kaca Jendela Mobil/TIRAI MOBIL  ,munandar,,https://s4.bukalapak.com/img/468910076/s-194-194/Tabir_Surya_untuk_Kaca_Jendela_Mobil_TIRAI_MOBIL__.jpg,Rp30.400,https://www.bukalapak.com/p/perawatan-kecantikan/perawatan-wajah/masker-wajah-wanita/4uojfb-jual-tabir-surya-untuk-kaca-jendela-mobil-tirai-mobil,
TOP SLIM FITTING  ,munandar,,https://s3.bukalapak.com/img/337810076/s-194-194/TOP_SLIM_FITTING__.jpeg,Rp126.400,https://www.bukalapak.com/p/perawatan-kecantikan/perawatan-wajah/masker-wajah-wanita/4uoj25-jual-top-slim-fitting,
Masker Lumpur Naturgo,munandar,,https://s1.bukalapak.com/img/147471116/s-194-194/image.jpg,Rp1.000,https://www.bukalapak.com/p/perawatan-kecantikan/perawatan-wajah/masker-wajah-wanita/4f7j4e-jual-masker-lumpur-naturgo,
BIOSPRAY MAWAR  ,munandar,,https://s0.bukalapak.com/img/526510076/s-194-194/BIOSPRAY_MAWAR__.jpg,Rp21.600,https://www.bukalapak.com/p/perawatan-kecantikan/perawatan-wajah/masker-wajah-wanita/4uoi5z-jual-biospray-mawar,
Bantal Leher + Tas cloth bag travel pillow set  ,munandar,,https://s2.bukalapak.com/img/245410076/s-194-194/Bantal_Leher___Tas_cloth_bag_travel_pillow_set__.jpg,Rp19.200,https://www.bukalapak.com/p/perawatan-kecantikan/perawatan-wajah/masker-wajah-wanita/4uohsh-jual-bantal-leher-tas-cloth-bag-travel-pillow-set,
Derma roller Skin ( Micro-Needle Dermal-Roller Therapy ),munandar,,https://s2.bukalapak.com/img/768310076/s-194-194/Derma_roller_Skin___Micro_Needle_Dermal_Roller_Therapy__.jpg,Rp37.000,https://www.bukalapak.com/p/perawatan-kecantikan/perawatan-wajah/suplemen-wajah-wanita/4uohm8-jual-derma-roller-skin-micro-needle-dermal-roller-therapy,
Rak Galon TINGGI plus kran  ,munandar,,https://s4.bukalapak.com/img/942310076/s-194-194/Rak_Galon_TINGGI_plus_kran__.jpg,Rp77.600,https://www.bukalapak.com/p/perawatan-kecantikan/perawatan-wajah/masker-wajah-wanita/4uohet-jual-rak-galon-tinggi-plus-kran,
[sachet] WMP ( Weight Management Program ) HWI ORIGINAL  ,munandar,,https://s0.bukalapak.com/img/576700076/s-194-194/_sachet__WMP___Weight_Management_Program___HWI_ORIGINAL__.jpg,Rp21.900,https://www.bukalapak.com/p/perawatan-kecantikan/perawatan-wajah/masker-wajah-wanita/4uogve-jual-sachet-wmp-weight-management-program-hwi-original,
LIPSTICK BABY LIPS MURMER  ,munandar,,https://s4.bukalapak.com/img/937300076/s-194-194/LIPSTICK_BABY_LIPS_MURMER__.jpg,Rp5.600,https://www.bukalapak.com/p/perawatan-kecantikan/perawatan-wajah/masker-wajah-wanita/4uoggb-jual-lipstick-baby-lips-murmer,
LOTION TEMULAWAK ( ADA BPOM )  ,munandar,,https://s0.bukalapak.com/img/088000076/s-194-194/LOTION_TEMULAWAK___ADA_BPOM____.jpg,Rp38.400,https://www.bukalapak.com/p/perawatan-kecantikan/perawatan-wajah/masker-wajah-wanita/4uoflq-jual-lotion-temulawak-ada-bpom,
PEELING GEL TEMULAWAK V Natural Exfoliating Serum Gel BPOM  ,munandar,,https://s1.bukalapak.com/img/110699966/s-194-194/PEELING_GEL_TEMULAWAK_V_Natural_Exfoliating_Serum_Gel_BPOM__.jpg,Rp24.800,https://www.bukalapak.com/p/perawatan-kecantikan/perawatan-wajah/masker-wajah-wanita/4uoe0n-jual-peeling-gel-temulawak-v-natural-exfoliating-serum-gel-bpom,
CLOTH RACK WITH COVER RAK BAJU MULTI FUNGSI ( LEMARI KAIN NON WOVEN )  ,munandar,,https://s3.bukalapak.com/img/388199966/s-194-194/CLOTH_RACK_WITH_COVER_RAK_BAJU_MULTI_FUNGSI___LEMARI_KAIN_NO.jpg,Rp248.000,https://www.bukalapak.com/p/perawatan-kecantikan/perawatan-wajah/masker-wajah-wanita/4uocjz-jual-cloth-rack-with-cover-rak-baju-multi-fungsi-lemari-kain-non-woven,
[ TOTE ] SHOES TOTE  ,munandar,,https://s0.bukalapak.com/img/503099966/s-194-194/__TOTE___SHOES_TOTE__.jpg,Rp28.800,https://www.bukalapak.com/p/perawatan-kecantikan/perawatan-wajah/masker-wajah-wanita/4uoc18-jual-tote-shoes-tote,
KEMASAN BARU [ HIJAU ] CREAM VEGE HIJAU ORI BPOM FPD NEW PACK  ,munandar,,https://s1.bukalapak.com/img/617789966/s-194-194/KEMASAN_BARU___HIJAU___CREAM_VEGE_HIJAU_ORI_BPOM_FPD_NEW_PAC.jpg,Rp55.200,https://www.bukalapak.com/p/perawatan-kecantikan/perawatan-wajah/masker-wajah-wanita/4uobaq-jual-kemasan-baru-hijau-cream-vege-hijau-ori-bpom-fpd-new-pack,
[ STRAWBERRY  ] GLUTA DRINK ORIGINAL  ,munandar,,https://s2.bukalapak.com/img/720689966/s-194-194/__STRAWBERRY____GLUTA_DRINK_ORIGINAL__.jpg,Rp45.600,https://www.bukalapak.com/p/perawatan-kecantikan/perawatan-wajah/masker-wajah-wanita/4uoad5-jual-strawberry-gluta-drink-original,
[ RASA ANGGUR ] GLUTA DRINK  ,munandar,,https://s3.bukalapak.com/img/361289966/s-194-194/__RASA_ANGGUR___GLUTA_DRINK__.jpg,Rp45.600,https://www.bukalapak.com/p/perawatan-kecantikan/perawatan-wajah/masker-wajah-wanita/4uo938-jual-rasa-anggur-gluta-drink,
Dermawand/ Alat ANTI AGING 22/11/16,munandar,,https://s1.bukalapak.com/img/623879966/s-194-194/Dermawand__Alat_ANTI_AGING_22_11_16.jpg,Rp206.300,https://www.bukalapak.com/p/perawatan-kecantikan/perawatan-wajah/masker-wajah-wanita/4uo89w-jual-dermawand-alat-anti-aging-22-11-16,
SILICONE BRA  ,munandar,,https://s1.bukalapak.com/img/651751076/s-194-194/SILICONE_BRA__.jpg,Rp45.600,https://www.bukalapak.com/p/perawatan-kecantikan/perawatan-wajah/masker-wajah-wanita/4upvcz-jual-silicone-bra,
[SACHET] BIOFOOD FITOGLUKOL Original AMAN HALAL & BPOM  ,munandar,,https://s4.bukalapak.com/img/917251076/s-194-194/_SACHET__BIOFOOD_FITOGLUKOL_Original_AMAN_HALAL___BPOM__.jpg,Rp72.000,https://www.bukalapak.com/p/perawatan-kecantikan/perawatan-wajah/pembersih-wajah-wanita/4uptt5-jual-sachet-biofood-fitoglukol-original-aman-halal-bpom,
MESH POCKET  ,munandar,,https://s3.bukalapak.com/img/345451076/s-194-194/MESH_POCKET__.jpg,Rp45.600,https://www.bukalapak.com/p/perawatan-kecantikan/perawatan-wajah/masker-wajah-wanita/4uptrw-jual-mesh-pocket,
Oriental Herbal Skincare Premium Mask Pack Chaga Mushroom Wrinkle care type from Korea / Masker jamur chaga untuk menghilangkan kerutan Atau garis halus pada kulit wajah anti penuaan dini Dari korea ,munandar,,https://s1.bukalapak.com/img/641251076/s-194-194/Oriental_Herbal_Skincare_Premium_Mask_Pack_Chaga_Mushroom_Wr.jpg,Rp28.000,https://www.bukalapak.com/p/perawatan-kecantikan/perawatan-wajah/masker-wajah-wanita/4uptcq-jual-oriental-herbal-skincare-premium-mask-pack-chaga-mushroom-wrinkle-care-type-from-korea-masker-jamur-chaga-untuk-menghilangkan-kerutan-atau-garis-halus-pada-kulit-wajah-anti-penuaan-dini-dari-korea,
SABUN DEONARD KOTAK SILVER( ANTI ACNE)  ,munandar,,https://s3.bukalapak.com/img/378151076/s-194-194/SABUN_DEONARD_KOTAK_SILVER__ANTI_ACNE___.jpg,Rp24.000,https://www.bukalapak.com/p/perawatan-kecantikan/perawatan-wajah/masker-wajah-wanita/4uptbt-jual-sabun-deonard-kotak-silver-anti-acne,
Odbo Aqua Soothing Silky Essence,munandar,,https://s2.bukalapak.com/img/705416283/s-194-194/Odbo_Aqua_Soothing_Silky_Essence.jpg,Rp627.000,https://www.bukalapak.com/p/perawatan-kecantikan/perawatan-wajah/suplemen-wajah-wanita/2pya5n-jual-odbo-aqua-soothing-silky-essence,
SUSU RODOTEX / WHITENING SUSU COLLAGEN (SACHET AN)  ,munandar,,https://s2.bukalapak.com/img/793051076/s-194-194/SUSU_RODOTEX___WHITENING_SUSU_COLLAGEN__SACHET_AN___.jpg,Rp6.100,https://www.bukalapak.com/p/perawatan-kecantikan/perawatan-wajah/masker-wajah-wanita/4upstw-jual-susu-rodotex-whitening-susu-collagen-sachet-an,
[BOX] BIOFOOD FITOGLUKOL ORIGINAL PER BOX  ,munandar,,https://s0.bukalapak.com/img/031051076/s-194-194/_BOX__BIOFOOD_FITOGLUKOL_ORIGINAL_PER_BOX__.jpg,Rp928.000,https://www.bukalapak.com/p/perawatan-kecantikan/perawatan-wajah/pembersih-wajah-wanita/4upsrn-jual-box-biofood-fitoglukol-original-per-box,
NYX SOFT MATTE LIP CREAM /Lipgloss NYX  ,munandar,,https://s1.bukalapak.com/img/174841076/s-194-194/NYX_SOFT_MATTE_LIP_CREAM__Lipgloss_NYX__.jpg,Rp16.000,https://www.bukalapak.com/p/perawatan-kecantikan/perawatan-wajah/masker-wajah-wanita/4ups8h-jual-nyx-soft-matte-lip-cream-lipgloss-nyx,
Magic Glossy Extra Whitening BPOM NA18150100102  ,munandar,,https://s0.bukalapak.com/img/023341076/s-194-194/Magic_Glossy_Extra_Whitening_BPOM_NA18150100102__.jpg,Rp76.300,https://www.bukalapak.com/p/perawatan-kecantikan/perawatan-wajah/pembersih-wajah-wanita/4upqwn-jual-magic-glossy-extra-whitening-bpom-na18150100102,
BIOSPRAY TERAZTEE (KOTAK BIRU)  ,munandar,,https://s1.bukalapak.com/img/610441076/s-194-194/BIOSPRAY_TERAZTEE__KOTAK_BIRU___.jpg,Rp13.600,https://www.bukalapak.com/p/perawatan-kecantikan/perawatan-wajah/masker-wajah-wanita/4upqvw-jual-biospray-teraztee-kotak-biru,
gillete goal reffil original,munandar,,https://s3.bukalapak.com/img/839131076/s-194-194/gillete_goal_reffil_original.JPG,Rp11.000,https://www.bukalapak.com/p/perawatan-kecantikan/perawatan-wajah/masker-wajah-wanita/4upq98-jual-gillete-goal-reffil-original,
MOMENT TERAGEN - BPOM & HALAL  ,munandar,,https://s1.bukalapak.com/img/192241076/s-194-194/MOMENT_TERAGEN___BPOM___HALAL__.jpg,Rp8.000,https://www.bukalapak.com/p/perawatan-kecantikan/perawatan-wajah/masker-wajah-wanita/4upq8e-jual-moment-teragen-bpom-halal,
Odbo Peeeling Gel,munandar,,https://s1.bukalapak.com/img/115831283/s-194-194/Odbo_Peeeling_Gel.jpg,Rp650.000,https://www.bukalapak.com/p/perawatan-kecantikan/perawatan-wajah/pembersih-wajah-wanita/2ptsfz-jual-odbo-peeeling-gel,
Acerola cherry Scrub Gel ORIGINAL  ,munandar,,https://s4.bukalapak.com/img/416041076/s-194-194/Acerola_cherry_Scrub_Gel_ORIGINAL__.jpg,Rp135.200,https://www.bukalapak.com/p/perawatan-kecantikan/perawatan-wajah/masker-wajah-wanita/4upp9n-jual-acerola-cherry-scrub-gel-original,
[BPOM] Serum vit C biasa BPOM agrindo / vitamin c (Tanpa collagen)  ,munandar,,https://s1.bukalapak.com/img/611041076/s-194-194/_BPOM__Serum_vit_C_biasa_BPOM_agrindo___vitamin_c__Tanpa_col.png,Rp12.000,https://www.bukalapak.com/p/perawatan-kecantikan/perawatan-wajah/pembersih-wajah-wanita/4upoxw-jual-bpom-serum-vit-c-biasa-bpom-agrindo-vitamin-c-tanpa-collagen,
PerFect Fit Button As Seen TV (KANCING)  ,munandar,,https://s1.bukalapak.com/img/165631076/s-194-194/PerFect_Fit_Button_As_Seen_TV__KANCING___.jpg,Rp28.000,https://www.bukalapak.com/p/perawatan-kecantikan/perawatan-wajah/masker-wajah-wanita/4upnf8-jual-perfect-fit-button-as-seen-tv-kancing,
Sol Arang untuk Menghilangkan Bau Sepatu  ,munandar,,https://s3.bukalapak.com/img/851431076/s-194-194/Sol_Arang_untuk_Menghilangkan_Bau_Sepatu__.jpg,Rp15.200,https://www.bukalapak.com/p/perawatan-kecantikan/perawatan-wajah/masker-wajah-wanita/4upmiz-jual-sol-arang-untuk-menghilangkan-bau-sepatu,
boring/buring/liner ford ranger 3.0cc / 2.9cc,munandar,,https://s2.bukalapak.com/img/226921076/s-194-194/P_20161121_143420_scaled.jpg,Rp900.000,https://www.bukalapak.com/p/perawatan-kecantikan/perawatan-wajah/masker-wajah-wanita/4upm6k-jual-boring-buring-liner-ford-ranger-3-0cc-2-9cc,
[BIRU] CREAM CR BIRU  ,munandar,,https://s4.bukalapak.com/img/406231076/s-194-194/_BIRU__CREAM_CR_BIRU__.jpg,Rp120.000,https://www.bukalapak.com/p/perawatan-kecantikan/perawatan-wajah/pembersih-wajah-wanita/4upm5h-jual-biru-cream-cr-biru,
KAUS KAKI SERAT BAMBO ARANG  ,munandar,,https://s3.bukalapak.com/img/859231076/s-194-194/KAUS_KAKI_SERAT_BAMBO_ARANG__.jpg,Rp28.500,https://www.bukalapak.com/p/perawatan-kecantikan/perawatan-wajah/masker-wajah-wanita/4upm5n-jual-kaus-kaki-serat-bambo-arang,
GENIE BRA ( WARNA-WARNI )  ,munandar,,https://s1.bukalapak.com/img/605131076/s-194-194/GENIE_BRA___WARNA_WARNI____.jpg,Rp113.600,https://www.bukalapak.com/p/perawatan-kecantikan/perawatan-wajah/masker-wajah-wanita/4uplnz-jual-genie-bra-warna-warni,
[PINK] CREAM CR PINK  ,munandar,,https://s4.bukalapak.com/img/466921076/s-194-194/_PINK__CREAM_CR_PINK__.jpg,Rp120.000,https://www.bukalapak.com/p/perawatan-kecantikan/perawatan-wajah/pembersih-wajah-wanita/4uplew-jual-pink-cream-cr-pink,
Universal Clip Lens 3 in 1 (Macro Wide, Fish Eye)  ,munandar,,https://s0.bukalapak.com/img/556921076/s-194-194/Universal_Clip_Lens_3_in_1__Macro__Wide__Fish_Eye___.jpg,Rp48.000,https://www.bukalapak.com/p/perawatan-kecantikan/perawatan-wajah/masker-wajah-wanita/4upkzb-jual-universal-clip-lens-3-in-1-macro-wide-fish-eye,
Acne Body Clear Soap by Beauty Secret ( Sabun buat Jerawat di Badan)  ,munandar,,https://s2.bukalapak.com/img/290521076/s-194-194/Acne_Body_Clear_Soap_by_Beauty_Secret___Sabun_buat_Jerawat_d.jpg,Rp38.400,https://www.bukalapak.com/p/perawatan-kecantikan/perawatan-wajah/masker-wajah-wanita/4upk7z-jual-acne-body-clear-soap-by-beauty-secret-sabun-buat-jerawat-di-badan,
GANTUNGAN KUNCI SIUL  ,munandar,,https://s0.bukalapak.com/img/089221076/s-194-194/GANTUNGAN_KUNCI_SIUL__.jpg,Rp19.200,https://www.bukalapak.com/p/perawatan-kecantikan/perawatan-wajah/masker-wajah-wanita/4upjn5-jual-gantungan-kunci-siul,
CREAM WAJAH VAMPIRE  ,munandar,,https://s2.bukalapak.com/img/771121076/s-194-194/CREAM_WAJAH_VAMPIRE__.jpg,Rp72.000,https://www.bukalapak.com/p/perawatan-kecantikan/perawatan-wajah/masker-wajah-wanita/4upj5h-jual-cream-wajah-vampire,
MAKE-UP BRUSH  ,munandar,,https://s1.bukalapak.com/img/682711076/s-194-194/MAKE_UP_BRUSH__.jpg,Rp56.000,https://www.bukalapak.com/p/perawatan-kecantikan/perawatan-wajah/masker-wajah-wanita/4upiq8-jual-make-up-brush,
Hyaluron Moisture Mask Anti Aging from Korea / Masker Hyaluron untuk melembabkan Dan menghaluskan kulit anti penuaan dini Dari korea ,munandar,,https://s0.bukalapak.com/img/091711076/s-194-194/Hyaluron_Moisture_Mask_Anti_Aging_from_Korea___Masker_Hyalur.jpg,Rp28.000,https://www.bukalapak.com/p/perawatan-kecantikan/perawatan-wajah/masker-wajah-wanita/4upio5-jual-hyaluron-moisture-mask-anti-aging-from-korea-masker-hyaluron-untuk-melembabkan-dan-menghaluskan-kulit-anti-penuaan-dini-dari-korea,
gillette goal ll kuning,munandar,,https://s4.bukalapak.com/img/475360076/s-194-194/gillette_goal_ll_kuning.jpg,Rp4.200,https://www.bukalapak.com/p/perawatan-kecantikan/perawatan-wajah/masker-wajah-wanita/4upije-jual-gillette-goal-ll-kuning,
SWEAT SUIT VERSI TERBARU SAUNA SUIT (BAJU MAGIC TURUN BERAT BADAN)  ,Pd ricklanz gruf online shoep,,https://s4.bukalapak.com/img/474511076/s-194-194/SWEAT_SUIT_VERSI_TERBARU_SAUNA_SUIT__BAJU_MAGIC_TURUN_BERAT_.jpg,Rp62.400,https://www.bukalapak.com/p/perawatan-kecantikan/perawatan-wajah/masker-wajah-wanita/4upi12-jual-sweat-suit-versi-terbaru-sauna-suit-baju-magic-turun-berat-badan,
SPORT SHOES ORGANIZER  ,Pd ricklanz gruf online shoep,,https://s3.bukalapak.com/img/359311076/s-194-194/SPORT_SHOES_ORGANIZER__.jpg,Rp20.000,https://www.bukalapak.com/p/perawatan-kecantikan/perawatan-wajah/masker-wajah-wanita/4uphnb-jual-sport-shoes-organizer,
DTOZYM - DTOZIM - DETOKHWI - DYTOZIM - DTOZYM ORIGINAL HWI  ,Pd ricklanz gruf online shoep,,https://s4.bukalapak.com/img/957001076/s-194-194/DTOZYM___DTOZIM___DETOKHWI___DYTOZIM___DTOZYM_ORIGINAL_HWI__.jpg,Rp25.600,https://www.bukalapak.com/p/perawatan-kecantikan/perawatan-wajah/masker-wajah-wanita/4upcqh-jual-dtozym-dtozim-detokhwi-dytozim-dtozym-original-hwi,
Aloe Soothing Mask Anti Aging from Korea / Masker lidah buaya untuk melembutkan Dan menenangkan kulit anti penuaan dini Dari korea ,Pd ricklanz gruf online shoep,,https://s2.bukalapak.com/img/747790076/s-194-194/Aloe_Soothing_Mask_Anti_Aging_from_Korea___Masker_lidah_buay.jpg,Rp28.000,https://www.bukalapak.com/p/perawatan-kecantikan/perawatan-wajah/masker-wajah-wanita/4upclq-jual-aloe-soothing-mask-anti-aging-from-korea-masker-lidah-buaya-untuk-melembutkan-dan-menenangkan-kulit-anti-penuaan-dini-dari-korea,
Farmacy WDC spc 5%,Pd ricklanz gruf online shoep,,https://s0.bukalapak.com/img/058570076/s-194-194/Farmacy_WDC_spc_5_.jpg,Rp150.000,https://www.bukalapak.com/p/perawatan-kecantikan/perawatan-wajah/pembersih-wajah-wanita/4upclt-jual-farmacy-wdc-spc-5,
Engrave It Alat / Pulpen Ukir Elektrik  ,Pd ricklanz gruf online shoep,,https://s0.bukalapak.com/img/526990076/s-194-194/Engrave_It_Alat___Pulpen_Ukir_Elektrik__.jpg,Rp18.400,https://www.bukalapak.com/p/perawatan-kecantikan/perawatan-wajah/masker-wajah-wanita/4upcc8-jual-engrave-it-alat-pulpen-ukir-elektrik,
sabun black wallet jerawat hilang muka bersih mulus cantik kinclog,Pd ricklanz gruf online shoep,,https://s2.bukalapak.com/img/270460076/s-194-194/20161122_220331_1_scaled.jpg,Rp40.000,https://www.bukalapak.com/p/perawatan-kecantikan/perawatan-wajah/pembersih-wajah-wanita/4upbk2-jual-sabun-black-wallet-jerawat-hilang-muka-bersih-mulus-cantik-kinclog,
MAKARIZO HAIR RECOVERY / SERUM VITAMIN RAMBUT  ,Pd ricklanz gruf online shoep,,https://s1.bukalapak.com/img/197290076/s-194-194/MAKARIZO_HAIR_RECOVERY___SERUM_VITAMIN_RAMBUT__.jpg,Rp10.400,https://www.bukalapak.com/p/perawatan-kecantikan/perawatan-wajah/masker-wajah-wanita/4upabh-jual-makarizo-hair-recovery-serum-vitamin-rambut,
Jam Tangan [JAM CP01S]
A35
JAM CHOPARD MOTIF CATUR SILVER
CHOPARD LADIES WATCH,Pd ricklanz gruf online shoep,,https://s0.bukalapak.com/img/534670076/s-194-194/CP01SJAMTANGANWANITACHOPARDMOTIFCATURSILVERLADIESWATCH_1_sca.jpg,Rp235.000,https://www.bukalapak.com/p/perawatan-kecantikan/perawatan-wajah/masker-wajah-wanita/4up6ve-jual-jam-tangan-jam-cp01s-a35-jam-chopard-motif-catur-silver-chopard-ladies-watch,
CETAKAN RILAKKUMA  ,Pd ricklanz gruf online shoep,,https://s1.bukalapak.com/img/631180076/s-194-194/CETAKAN_RILAKKUMA__.jpg,Rp23.200,https://www.bukalapak.com/p/perawatan-kecantikan/perawatan-wajah/masker-wajah-wanita/4up65h-jual-cetakan-rilakkuma,
Bunny Sandwich Mold  ,Pd ricklanz gruf online shoep,,https://s4.bukalapak.com/img/429670076/s-194-194/Bunny_Sandwich_Mold__.jpg,Rp13.600,https://www.bukalapak.com/p/perawatan-kecantikan/perawatan-wajah/masker-wajah-wanita/4up538-jual-bunny-sandwich-mold,
CETAKAN Singa/hippo/pooh(bisa u/ es puding permen candy cookies kue)  ,Pd ricklanz gruf online shoep,,https://s0.bukalapak.com/img/581470076/s-194-194/CETAKAN_Singa_hippo_pooh_bisa_u__es_puding_permen_candy_cook.jpg,Rp23.200,https://www.bukalapak.com/p/perawatan-kecantikan/perawatan-wajah/masker-wajah-wanita/4up4ak-jual-cetakan-singa-hippo-pooh-bisa-u-es-puding-permen-candy-cookies-kue,
Cetakan(Soccer Ball Sushi Rice Egg Mold Bento Maker bola telur nasi)  ,Pd ricklanz gruf online shoep,,https://s1.bukalapak.com/img/130270076/s-194-194/Cetakan_Soccer_Ball_Sushi_Rice_Egg_Mold_Bento_Maker_bola_tel.jpg,Rp11.200,https://www.bukalapak.com/p/perawatan-kecantikan/perawatan-wajah/masker-wajah-wanita/4up2ow-jual-cetakan-soccer-ball-sushi-rice-egg-mold-bento-maker-bola-telur-nasi,
SHAMPO MAKARIZO HAIR ENERGY SACHET  ,Pd ricklanz gruf online shoep,,https://s4.bukalapak.com/img/440560076/s-194-194/SHAMPO_MAKARIZO_HAIR_ENERGY_SACHET__.jpg,Rp1.600,https://www.bukalapak.com/p/perawatan-kecantikan/perawatan-wajah/masker-wajah-wanita/4up0ge-jual-shampo-makarizo-hair-energy-sachet,
Collagen Lifting Mask Anti Aging from Korea / Masker collagen untuk mengencangkan kulit anti penuaan dini Dari korea ,Pd ricklanz gruf online shoep,,https://s4.bukalapak.com/img/978850076/s-194-194/Collagen_Lifting_Mask_Anti_Aging_from_Korea___Masker_collage.jpg,Rp28.000,https://www.bukalapak.com/p/perawatan-kecantikan/perawatan-wajah/masker-wajah-wanita/4uoze8-jual-collagen-lifting-mask-anti-aging-from-korea-masker-collagen-untuk-mengencangkan-kulit-anti-penuaan-dini-dari-korea,
Makeup Sponge Beauty Blend for Blending ( Liquid Cream, and Powder )  ,Pd ricklanz gruf online shoep,,https://s3.bukalapak.com/img/323260076/s-194-194/Makeup_Sponge_Beauty_Blend_for_Blending___Liquid__Cream__and.jpg,Rp11.200,https://www.bukalapak.com/p/perawatan-kecantikan/perawatan-wajah/masker-wajah-wanita/4uoz0h-jual-makeup-sponge-beauty-blend-for-blending-liquid-cream-and-powder,
AUTO SEAT ORGANIZER  ,Pd ricklanz gruf online shoep,,https://s2.bukalapak.com/img/211750076/s-194-194/AUTO_SEAT_ORGANIZER__.jpg,Rp32.000,https://www.bukalapak.com/p/perawatan-kecantikan/perawatan-wajah/masker-wajah-wanita/4uox7z-jual-auto-seat-organizer,
KISSKOZZ ,Pd ricklanz gruf online shoep,,https://s3.bukalapak.com/img/861550076/s-194-194/KISSKOZZ_.jpg,Rp1.430.000,https://www.bukalapak.com/p/perawatan-kecantikan/perawatan-wajah/pembersih-wajah-wanita/4uox7n-jual-kisskozz,
Cream Hn siang/malam 15g,Pd ricklanz gruf online shoep,,https://s1.bukalapak.com/img/192366684/s-194-194/Cream_Hn_siang_malam_15g.jpg,Rp15.000,https://www.bukalapak.com/p/perawatan-kecantikan/perawatan-wajah/pembersih-wajah-wanita/3i2f13-jual-cream-hn-siang-malam-15g,
cream hn original/ cream hn 30g/ cream hn ori hetty,Pd ricklanz gruf online shoep,,https://s0.bukalapak.com/img/575821635/s-194-194/0.jpg,Rp70.000,https://www.bukalapak.com/p/perawatan-kecantikan/perawatan-wajah/pembersih-wajah-wanita/3v50i7-jual-cream-hn-original-cream-hn-30g-cream-hn-ori-hetty,
MAKE UP REMOVER  ,Pd ricklanz gruf online shoep,,https://s4.bukalapak.com/img/499450076/s-194-194/MAKE_UP_REMOVER__.jpg,Rp13.400,https://www.bukalapak.com/p/perawatan-kecantikan/perawatan-wajah/masker-wajah-wanita/4uowek-jual-make-up-remover,
ALAT RIAS WAJAH  ,Pd ricklanz gruf online shoep,,https://s1.bukalapak.com/img/624250076/s-194-194/ALAT_RIAS_WAJAH__.jpg,Rp60.800,https://www.bukalapak.com/p/perawatan-kecantikan/perawatan-wajah/masker-wajah-wanita/4uov9h-jual-alat-rias-wajah,
Masker wajah shiseido gold,Pd ricklanz gruf online shoep,,https://s1.bukalapak.com/img/635830076/s-194-194/PhotoGrid_1479566336834_scaled.jpg,Rp5.000,https://www.bukalapak.com/p/perawatan-kecantikan/perawatan-wajah/masker-wajah-wanita/4uov02-jual-masker-wajah-shiseido-gold,
SABUK PELANGSING BELLY BURNER  ,Pd ricklanz gruf online shoep,,https://s2.bukalapak.com/img/792940076/s-194-194/SABUK_PELANGSING_BELLY_BURNER__.jpg,Rp38.400,https://www.bukalapak.com/p/perawatan-kecantikan/perawatan-wajah/masker-wajah-wanita/4uotwk-jual-sabuk-pelangsing-belly-burner,
Snail Repairing Mask Anti Aging from Korea / Masker lendir siput untuk memperbaiki kulit anti penuaan dini Dari korea ,Pd ricklanz gruf online shoep,,https://s1.bukalapak.com/img/114730076/s-194-194/Snail_Repairing_Mask_Anti_Aging_from_Korea___Masker_lendir_s.jpg,Rp28.000,https://www.bukalapak.com/p/perawatan-kecantikan/perawatan-wajah/masker-wajah-wanita/4uotxn-jual-snail-repairing-mask-anti-aging-from-korea-masker-lendir-siput-untuk-memperbaiki-kulit-anti-penuaan-dini-dari-korea,
VEGE SERUM BPOM NA 18151900008  ,Pd ricklanz gruf online shoep,,https://s2.bukalapak.com/img/233740076/s-194-194/VEGE_SERUM_BPOM_NA_18151900008__.jpg,Rp44.800,https://www.bukalapak.com/p/perawatan-kecantikan/perawatan-wajah/pembersih-wajah-wanita/4uotlh-jual-vege-serum-bpom-na-18151900008,
HOT SHAPER SLIM WAIST  ,Pd ricklanz gruf online shoep,,https://s0.bukalapak.com/img/063640076/s-194-194/HOT_SHAPER_SLIM_WAIST__.jpg,Rp24.800,https://www.bukalapak.com/p/perawatan-kecantikan/perawatan-wajah/masker-wajah-wanita/4uosj2-jual-hot-shaper-slim-waist,
V Bra Backless (Bisa Bermacam-macam Model Tali)  ,Pd ricklanz gruf online shoep,,https://s4.bukalapak.com/img/989440076/s-194-194/V_Bra_Backless__Bisa_Bermacam_macam_Model_Tali___.jpg,Rp72.000,https://www.bukalapak.com/p/perawatan-kecantikan/perawatan-wajah/masker-wajah-wanita/4uorsk-jual-v-bra-backless-bisa-bermacam-macam-model-tali,
MAGIC ACNE CREAM 3 DAYS FPD  ,Pd ricklanz gruf online shoep,,https://s2.bukalapak.com/img/780340076/s-194-194/MAGIC_ACNE_CREAM_3_DAYS_FPD__.jpg,Rp44.800,https://www.bukalapak.com/p/perawatan-kecantikan/perawatan-wajah/suplemen-wajah-wanita/4uoriw-jual-magic-acne-cream-3-days-fpd,
VITAMIN Gluta White Vampire Vitamin by benny white thailand  ,Pd ricklanz gruf online shoep,,https://s4.bukalapak.com/img/974140076/s-194-194/VITAMIN_Gluta_White_Vampire_Vitamin_by_benny_white_thailand_.jpg,Rp240.000,https://www.bukalapak.com/p/perawatan-kecantikan/perawatan-wajah/masker-wajah-wanita/4uopsb-jual-vitamin-gluta-white-vampire-vitamin-by-benny-white-thailand,
Temulawak Cream set (Cream Temulawak Siang Malam + Sabun Temulawak Widya) Original Emboss,munandar,,https://s1.bukalapak.com/img/180242066/s-194-194/Temulawak_Cream_set__Cream_Temulawak_Siang_Malam___Sabun_Tem.jpg,Rp23.000,https://www.bukalapak.com/p/perawatan-kecantikan/perawatan-wajah/pembersih-wajah-wanita/4pjmjz-jual-temulawak-cream-set-cream-temulawak-siang-malam-sabun-temulawak-widya-original-emboss,
EGG WHITE PEEL OFF MASK - MASKER TELUR,munandar,,https://s2.bukalapak.com/img/736301066/s-194-194/EGG_WHITE_PEEL_OFF_MASK___MASKER_TELUR.jpg,Rp15.000,https://www.bukalapak.com/p/perawatan-kecantikan/perawatan-wajah/masker-wajah-wanita/3q2h8z-jual-egg-white-peel-off-mask-masker-telur?keyword=egg+white+masker,
Wak Doyok Sempel 125ml - 30gr Original 100%(Cream Jambang) ,munandar,,https://s0.bukalapak.com/img/590857054/s-194-194/Wak_Doyok_Sempel_12_5ml___30gr_Original_100__Cream_Jambang__.jpg,Rp29.5004.0(1),https://www.bukalapak.com/p/perawatan-kecantikan/perawatan-wajah/masker-wajah-pria/38hlo7-jual-wak-doyok-sempel-12-5ml-30gr-original-100-cream-jambang,
Cream Jambang WAK DOYOK Original 100% Malaysia,munandar,,https://s3.bukalapak.com/img/380567054/s-194-194/PhotoGrid_1474980930652_scaled.jpg,Rp150.0005.0(1),https://www.bukalapak.com/p/perawatan-kecantikan/perawatan-wajah/masker-wajah-pria/38hpuv-jual-cream-jambang-wak-doyok-original-100-malaysia,
Timbangan Digital max 5 kg  ,munandar,,https://s0.bukalapak.com/img/558493076/s-194-194/Timbangan_Digital_max_5_kg__.jpg,Rp64.000,https://www.bukalapak.com/p/perawatan-kecantikan/perawatan-wajah/masker-wajah-wanita/4us9qe-jual-timbangan-digital-max-5-kg,
Serum Spray Acne BMC ( serum jerawat beautysky / beauty sky ) Limited,munandar,,https://s0.bukalapak.com/img/529393076/s-194-194/Serum_Spray_Acne_BMC___serum_jerawat_beautysky___beauty_sky_.jpg,Rp56.900,https://www.bukalapak.com/p/perawatan-kecantikan/perawatan-wajah/masker-wajah-wanita/4us9kq-jual-serum-spray-acne-bmc-serum-jerawat-beautysky-beauty-sky-limited,
TOPI KERAMAS ANAK / kids shower cap  ,munandar,,https://s1.bukalapak.com/img/197293076/s-194-194/TOPI_KERAMAS_ANAK___kids_shower_cap__.jpg,Rp13.600,https://www.bukalapak.com/p/perawatan-kecantikan/perawatan-wajah/masker-wajah-wanita/4us96q-jual-topi-keramas-anak-kids-shower-cap,
Tempat makeup tipe i2 custom,munandar,,https://s0.bukalapak.com/img/085173536/s-194-194/IMG_20161116_145958_scaled.jpg,Rp800.000,https://www.bukalapak.com/p/perawatan-kecantikan/perawatan-wajah/masker-wajah-wanita/4lq01k-jual-tempat-makeup-tipe-i2-custom,
V-coool Keep Warm botol besar  ,munandar,,https://s4.bukalapak.com/img/405193076/s-194-194/V_coool_Keep_Warm_botol_besar__.jpg,Rp30.400,https://www.bukalapak.com/p/perawatan-kecantikan/perawatan-wajah/masker-wajah-wanita/4us8r5-jual-v-coool-keep-warm-botol-besar,
Trendy Top 2 in 1 ( 1 pack 2 warna htm & putih )  ,munandar,,https://s3.bukalapak.com/img/340093076/s-194-194/Trendy_Top_2_in_1___1_pack_2_warna_htm___putih____.jpg,Rp24.800,https://www.bukalapak.com/p/perawatan-kecantikan/perawatan-wajah/masker-wajah-wanita/4us89z-jual-trendy-top-2-in-1-1-pack-2-warna-htm-putih,
AC Genggam PINK BIRU HITAM  ,munandar,,https://s2.bukalapak.com/img/747883076/s-194-194/AC_Genggam_PINK_BIRU_HITAM__.jpg,Rp82.400,https://www.bukalapak.com/p/perawatan-kecantikan/perawatan-wajah/masker-wajah-wanita/4us7w8-jual-ac-genggam-pink-biru-hitam,
HIGH HEELED SHOES PAD  ,munandar,,https://s2.bukalapak.com/img/287683076/s-194-194/HIGH_HEELED_SHOES_PAD__.jpg,Rp4.800,https://www.bukalapak.com/p/perawatan-kecantikan/perawatan-wajah/masker-wajah-wanita/4us7a8-jual-high-heeled-shoes-pad,
LIPBALM BONEKA  ,munandar,,https://s3.bukalapak.com/img/315583076/s-194-194/LIPBALM_BONEKA__.jpg,Rp4.500,https://www.bukalapak.com/p/perawatan-kecantikan/perawatan-wajah/masker-wajah-wanita/4us6wk-jual-lipbalm-boneka,
BABY MOON WALK  ,munandar,,https://s4.bukalapak.com/img/442483076/s-194-194/BABY_MOON_WALK__.jpg,Rp37.600,https://www.bukalapak.com/p/perawatan-kecantikan/perawatan-wajah/masker-wajah-wanita/4us6jz-jual-baby-moon-walk,
testimonial,munandar,,https://s0.bukalapak.com/img/023383076/s-194-194/IMG_20161122_WA0017_scaled.jpg,Rp100.000,https://www.bukalapak.com/p/perawatan-kecantikan/perawatan-wajah/masker-wajah-wanita/4us6h2-jual-testimonial,
GREEN STORAGE BAGS  ,munandar,,https://s0.bukalapak.com/img/588283076/s-194-194/GREEN_STORAGE_BAGS__.jpg,Rp32.000,https://www.bukalapak.com/p/perawatan-kecantikan/perawatan-wajah/masker-wajah-wanita/4us64w-jual-green-storage-bags,
Magic Glossy Diskon,munandar,,https://s3.bukalapak.com/img/883183076/s-194-194/Magic_Glossy_Diskon.jpg,Rp77.300,https://www.bukalapak.com/p/perawatan-kecantikan/perawatan-wajah/masker-wajah-wanita/4us5s8-jual-magic-glossy-diskon,
MAC EYELASH  ,munandar,,https://s2.bukalapak.com/img/736183076/s-194-194/MAC_EYELASH__.jpg,Rp7.200,https://www.bukalapak.com/p/perawatan-kecantikan/perawatan-wajah/masker-wajah-wanita/4us5q2-jual-mac-eyelash,
SKII Duo Basic ( Medium),munandar,,https://s3.bukalapak.com/img/324163076/s-194-194/SKII_Duo_Basic___Medium_.jpg,Rp285.000,https://www.bukalapak.com/p/perawatan-kecantikan/perawatan-wajah/pembersih-wajah-wanita/4urzg2-jual-skii-duo-basic-medium,
SKII Brightening Complete Set ( Medium),munandar,,https://s0.bukalapak.com/img/585973076/s-194-194/SKII_Brightening_Complete_Set___Medium_.jpg,Rp645.000,https://www.bukalapak.com/p/perawatan-kecantikan/perawatan-wajah/suplemen-wajah-wanita/4us5b5-jual-skii-brightening-complete-set-medium,
SKII Anti Aging Set ( Medium),munandar,,https://s2.bukalapak.com/img/785863076/s-194-194/SKII_Anti_Aging_Set___Medium_.jpg,Rp560.000,https://www.bukalapak.com/p/perawatan-kecantikan/perawatan-wajah/suplemen-wajah-wanita/4us24n-jual-skii-anti-aging-set-medium,
SKII Basic Complete Set ( Medium),munandar,,https://s4.bukalapak.com/img/995563076/s-194-194/SKII_Basic_Complete_Set___Medium_.jpg,Rp395.000,https://www.bukalapak.com/p/perawatan-kecantikan/perawatan-wajah/pembersih-wajah-wanita/4us0wt-jual-skii-basic-complete-set-medium,
BRA  PANTY ORGANIZER  ,munandar,,https://s2.bukalapak.com/img/275083076/s-194-194/BRA__PANTY_ORGANIZER__.jpg,Rp104.000,https://www.bukalapak.com/p/perawatan-kecantikan/perawatan-wajah/masker-wajah-wanita/4us5d8-jual-bra-panty-organizer,
Cloth Organizer 4 sisi  ,munandar,,https://s0.bukalapak.com/img/090973076/s-194-194/Cloth_Organizer_4_sisi__.jpg,Rp72.000,https://www.bukalapak.com/p/perawatan-kecantikan/perawatan-wajah/masker-wajah-wanita/4us4zh-jual-cloth-organizer-4-sisi,
Tirai Pintu Magnet Anti Nyamuk  ,munandar,,https://s4.bukalapak.com/img/460873076/s-194-194/Tirai_Pintu_Magnet_Anti_Nyamuk__.jpg,Rp32.000,https://www.bukalapak.com/p/perawatan-kecantikan/perawatan-wajah/masker-wajah-wanita/4us4nw-jual-tirai-pintu-magnet-anti-nyamuk,
SKII Anti Aging Complete Set ( Medium),munandar,,https://s0.bukalapak.com/img/598573076/s-194-194/SKII_Anti_Aging_Complete_Set___Medium_.jpg,Rp645.000,https://www.bukalapak.com/p/perawatan-kecantikan/perawatan-wajah/suplemen-wajah-wanita/4us4an-jual-skii-anti-aging-complete-set-medium,
Trip Grip / Shoping Bag Holder  ,munandar,,https://s4.bukalapak.com/img/456673076/s-194-194/Trip_Grip___Shoping_Bag_Holder__.jpg,Rp18.400,https://www.bukalapak.com/p/perawatan-kecantikan/perawatan-wajah/masker-wajah-wanita/4us48w-jual-trip-grip-shoping-bag-holder,
ESTHER GOLD WHITENING ( S - M )  ,munandar,,https://s0.bukalapak.com/img/599473076/s-194-194/ESTHER_GOLD_WHITENING___S___M____.jpg,Rp72.000,https://www.bukalapak.com/p/perawatan-kecantikan/perawatan-wajah/masker-wajah-wanita/4us3s8-jual-esther-gold-whitening-s-m,
Masker Choco bello perfetto original ( mebuat wajah ramping / V-Line )  ,munandar,,https://s2.bukalapak.com/img/783373076/s-194-194/Masker_Choco_bello_perfetto_original___mebuat_wajah_ramping_.jpg,Rp4.000,https://www.bukalapak.com/p/perawatan-kecantikan/perawatan-wajah/masker-wajah-wanita/4us3mb-jual-masker-choco-bello-perfetto-original-mebuat-wajah-ramping-v-line,
Paul Lorna GLasses ( Kacamata Masak )  ,munandar,,https://s0.bukalapak.com/img/507373076/s-194-194/Paul_Lorna_GLasses___Kacamata_Masak____.jpg,Rp48.000,https://www.bukalapak.com/p/perawatan-kecantikan/perawatan-wajah/masker-wajah-wanita/4us3bz-jual-paul-lorna-glasses-kacamata-masak,
USB charger adapter  ,munandar,,https://s1.bukalapak.com/img/636892076/s-194-194/USB_charger_adapter__.jpg,Rp21.600,https://www.bukalapak.com/p/perawatan-kecantikan/perawatan-wajah/masker-wajah-wanita/4urbph-jual-usb-charger-adapter,
Paket Cream Detox Gold + Sabun Goat's Milk,munandar,,https://s2.bukalapak.com/img/717592076/s-194-194/IMG_20161122_213556_scaled.jpg,Rp45.000,https://www.bukalapak.com/p/perawatan-kecantikan/perawatan-wajah/suplemen-wajah-wanita/4urbiq-jual-paket-cream-detox-gold-sabun-goat-s-milk,
Ez Jet Water Cannon  ,munandar,,https://s2.bukalapak.com/img/253792076/s-194-194/Ez_Jet_Water_Cannon__.jpg,Rp56.000,https://www.bukalapak.com/p/perawatan-kecantikan/perawatan-wajah/masker-wajah-wanita/4urbc8-jual-ez-jet-water-cannon,
HOT HUEZ TEMPORARY HAIR CHALK  ,munandar,,https://s0.bukalapak.com/img/099592076/s-194-194/HOT_HUEZ_TEMPORARY_HAIR_CHALK__.jpg,Rp23.200,https://www.bukalapak.com/p/perawatan-kecantikan/perawatan-wajah/masker-wajah-wanita/4uraye-jual-hot-huez-temporary-hair-chalk,
FACIAL FOAM DEONARD MERAH  ,munandar,,https://s0.bukalapak.com/img/586492076/s-194-194/FACIAL_FOAM_DEONARD_MERAH__.jpg,Rp28.400,https://www.bukalapak.com/p/perawatan-kecantikan/perawatan-wajah/masker-wajah-wanita/4ural2-jual-facial-foam-deonard-merah,
Cathy Doll What Eye Want / Krim mata Panda dan Kantung Mata Murah,munandar,,https://s2.bukalapak.com/img/296392076/s-194-194/Cathy_Doll_What_Eye_Want___Krim_mata_Panda_dan_Kantung_Mata_.jpg,Rp130.000,https://www.bukalapak.com/p/perawatan-kecantikan/perawatan-wajah/masker-wajah-wanita/4uraeh-jual-cathy-doll-what-eye-want-krim-mata-panda-dan-kantung-mata-murah,
NANOMIST HELLO KITTY  ,munandar,,https://s4.bukalapak.com/img/434392076/s-194-194/NANOMIST_HELLO_KITTY__.jpg,Rp163.200,https://www.bukalapak.com/p/perawatan-kecantikan/perawatan-wajah/masker-wajah-wanita/4ura8e-jual-nanomist-hello-kitty,
coffea herbal soap,munandar,,https://s4.bukalapak.com/img/982192076/s-194-194/IMG_20161122_WA0014_scaled.jpg,Rp22.000,https://www.bukalapak.com/p/perawatan-kecantikan/perawatan-wajah/masker-wajah-wanita/4ura02-jual-coffea-herbal-soap,
Dermature Cream ( ada BPOM )  ,munandar,,https://s0.bukalapak.com/img/093292076/s-194-194/Dermature_Cream___ada_BPOM____.jpg,Rp152.000,https://www.bukalapak.com/p/perawatan-kecantikan/perawatan-wajah/masker-wajah-wanita/4ur9wn-jual-dermature-cream-ada-bpom,
pemutih wajah - Pemutih Wajah Pria - Pemutih Wajah Wanita - free ongkir !!!,munandar,,https://s1.bukalapak.com/img/130870993/s-194-194/pemutih_wajah___Pemutih_Wajah_Pria___Pemutih_Wajah_Wanita___.jpg,Rp99.000Rp94.1005.0(1)Gratis Biaya Kirim  ?,https://www.bukalapak.com/p/perawatan-kecantikan/perawatan-wajah/pembersih-wajah-pria/2uj34n-jual-pemutih-wajah-pemutih-wajah-pria-pemutih-wajah-wanita-free-ongkir,
CREAM AURA GLOW MAGIC BEAUTY CREAM BPOM - Paket Normal  ,munandar,,https://s0.bukalapak.com/img/070192076/s-194-194/CREAM_AURA_GLOW_MAGIC_BEAUTY_CREAM_BPOM___Paket_Normal__.jpg,Rp156.800,https://www.bukalapak.com/p/perawatan-kecantikan/perawatan-wajah/masker-wajah-wanita/4ur9j8-jual-cream-aura-glow-magic-beauty-cream-bpom-paket-normal,
KORSET SLIMMING PERUT (Waist trimmer belt AS SEEN ON TV)  ,munandar,,https://s2.bukalapak.com/img/201982076/s-194-194/KORSET_SLIMMING_PERUT__Waist_trimmer_belt_AS_SEEN_ON_TV___.jpg,Rp25.600,https://www.bukalapak.com/p/perawatan-kecantikan/perawatan-wajah/masker-wajah-wanita/4ur8vt-jual-korset-slimming-perut-waist-trimmer-belt-as-seen-on-tv,
Paket Cream Detox Gold (khusus flek),munandar,,https://s2.bukalapak.com/img/295282076/s-194-194/IMG_20161122_213630_scaled.jpg,Rp48.000,https://www.bukalapak.com/p/perawatan-kecantikan/perawatan-wajah/suplemen-wajah-wanita/4ur80k-jual-paket-cream-detox-gold-khusus-flek,
CREAM TEMULAWAK( DAY AND NIGHT)  ,munandar,,https://s1.bukalapak.com/img/678682076/s-194-194/CREAM_TEMULAWAK__DAY_AND_NIGHT___.jpg,Rp24.000,https://www.bukalapak.com/p/perawatan-kecantikan/perawatan-wajah/masker-wajah-wanita/4ur7sk-jual-cream-temulawak-day-and-night,
Cream Multifungsi Wajah Dan Badan Whitening Pemutih Dalam 7 hari SG Cream Kaleng,munandar,,https://s3.bukalapak.com/img/302572076/s-194-194/images_38.jpeg,Rp55.000,https://www.bukalapak.com/p/perawatan-kecantikan/perawatan-wajah/pembersih-wajah-pria/4ur7c5-jual-cream-multifungsi-wajah-dan-badan-whitening-pemutih-dalam-7-hari-sg-cream-kaleng,
SABUN TEMULAWAK (BERHOLOGRAM)  ,munandar,,https://s0.bukalapak.com/img/056482076/s-194-194/SABUN_TEMULAWAK__BERHOLOGRAM___.jpg,Rp10.400,https://www.bukalapak.com/p/perawatan-kecantikan/perawatan-wajah/masker-wajah-wanita/4ur6kn-jual-sabun-temulawak-berhologram,
BEDAK SARI TEMULAWAK  ,munandar,,https://s0.bukalapak.com/img/056182076/s-194-194/BEDAK_SARI_TEMULAWAK__.jpg,Rp42.400,https://www.bukalapak.com/p/perawatan-kecantikan/perawatan-wajah/masker-wajah-wanita/4ur562-jual-bedak-sari-temulawak,
POBLING FACE CLEANSER  ,munandar,,https://s2.bukalapak.com/img/719572076/s-194-194/POBLING_FACE_CLEANSER__.jpg,Rp53.600,https://www.bukalapak.com/p/perawatan-kecantikan/perawatan-wajah/masker-wajah-wanita/4ur2v5-jual-pobling-face-cleanser,
Crystal - X  ,munandar,,https://s0.bukalapak.com/img/018472076/s-194-194/Crystal___X__.jpg,Rp86.400,https://www.bukalapak.com/p/perawatan-kecantikan/perawatan-wajah/masker-wajah-wanita/4ur21b-jual-crystal-x,
Paket Cream Detox Gold (khusus flek hitam diwajah),munandar,,https://s0.bukalapak.com/img/576181076/s-194-194/IMG_20161122_213317_scaled.jpg,Rp55.000,https://www.bukalapak.com/p/perawatan-kecantikan/perawatan-wajah/suplemen-wajah-wanita/4ur1sq-jual-paket-cream-detox-gold-khusus-flek-hitam-diwajah,
CETAK AN ALIS ( EYEBROW STYLE )  ,munandar,,https://s0.bukalapak.com/img/074272076/s-194-194/CETAK_AN_ALIS___EYEBROW_STYLE____.jpg,Rp3.200,https://www.bukalapak.com/p/perawatan-kecantikan/perawatan-wajah/masker-wajah-wanita/4ur18q-jual-cetak-an-alis-eyebrow-style,
SABUN CASTELLA (SUDAH BPOM)  ,munandar,,https://s1.bukalapak.com/img/187072076/s-194-194/SABUN_CASTELLA__SUDAH_BPOM___.jpg,Rp10.400,https://www.bukalapak.com/p/perawatan-kecantikan/perawatan-wajah/masker-wajah-wanita/4ur0k8-jual-sabun-castella-sudah-bpom,
Dispenser Pasta Gigi (Odol Dan Tempat Sikat Gigi )  ,munandar,,https://s4.bukalapak.com/img/483862076/s-194-194/Dispenser_Pasta_Gigi__Odol_Dan_Tempat_Sikat_Gigi____.jpg,Rp30.400,https://www.bukalapak.com/p/perawatan-kecantikan/perawatan-wajah/masker-wajah-wanita/4ur03b-jual-dispenser-pasta-gigi-odol-dan-tempat-sikat-gigi,
ION MASSAGER ( strika wajah ) Murah,munandar,,https://s2.bukalapak.com/img/206662076/s-194-194/ION_MASSAGER___strika_wajah___Murah.jpg,Rp40.500,https://www.bukalapak.com/p/perawatan-kecantikan/perawatan-wajah/masker-wajah-wanita/4uqzhw-jual-ion-massager-strika-wajah-murah,
BAG RACK ORGANIZER  ,munandar,,https://s1.bukalapak.com/img/656662076/s-194-194/BAG_RACK_ORGANIZER__.jpg,Rp45.600,https://www.bukalapak.com/p/perawatan-kecantikan/perawatan-wajah/masker-wajah-wanita/4uqzeh-jual-bag-rack-organizer,
Eve's Pibu Gluta Plus New  (Obat Jerawat) Diskon,munandar,,https://s2.bukalapak.com/img/252562076/s-194-194/Eve_s_Pibu_Gluta_Plus_New___Obat_Jerawat__Diskon.jpg,Rp292.500,https://www.bukalapak.com/p/perawatan-kecantikan/perawatan-wajah/masker-wajah-wanita/4uqz4n-jual-eve-s-pibu-gluta-plus-new-obat-jerawat-diskon,
Citrus Juicer  ,munandar,,https://s1.bukalapak.com/img/633562076/s-194-194/Citrus_Juicer__.jpg,Rp50.400,https://www.bukalapak.com/p/perawatan-kecantikan/perawatan-wajah/masker-wajah-wanita/4uqyzz-jual-citrus-juicer,
Card id Holder ( pasport wallet )  ,munandar,,https://s4.bukalapak.com/img/968362076/s-194-194/Card_id_Holder___pasport_wallet____.jpg,Rp22.400,https://www.bukalapak.com/p/perawatan-kecantikan/perawatan-wajah/masker-wajah-wanita/4uqyi5-jual-card-id-holder-pasport-wallet,
Tomsis untuk android  ,munandar,,https://s0.bukalapak.com/img/012262076/s-194-194/Tomsis_untuk_android__.jpg,Rp24.000,https://www.bukalapak.com/p/perawatan-kecantikan/perawatan-wajah/masker-wajah-wanita/4uqy12-jual-tomsis-untuk-android,
Umbrella Organizer  ,munandar,,https://s3.bukalapak.com/img/309952076/s-194-194/Umbrella_Organizer__.jpg,Rp24.000,https://www.bukalapak.com/p/perawatan-kecantikan/perawatan-wajah/masker-wajah-wanita/4uqx8w-jual-umbrella-organizer,
EAR BRA (BRA KUPING)  ,Kosmetik JKT,,https://s2.bukalapak.com/img/719602076/s-194-194/EAR_BRA__BRA_KUPING___.jpg,Rp47.200,https://www.bukalapak.com/p/perawatan-kecantikan/perawatan-wajah/masker-wajah-wanita/4uqdnq-jual-ear-bra-bra-kuping,
ETUDE ALAT GUNTING PONI  ,Kosmetik JKT,,https://s4.bukalapak.com/img/412102076/s-194-194/ETUDE_ALAT_GUNTING_PONI__.jpg,Rp20.800,https://www.bukalapak.com/p/perawatan-kecantikan/perawatan-wajah/masker-wajah-wanita/4uqbnk-jual-etude-alat-gunting-poni,
Oriental Herbal Skincare Premium Mask Pack Shang Whang Mushroom Sensitive type from Korea / Masker jamur Shang Whang untuk menormalkan kulit wajah sensitif / Khusus kulit wajah sensitive Dari korea ,Kosmetik JKT,,https://s4.bukalapak.com/img/458002076/s-194-194/Oriental_Herbal_Skincare_Premium_Mask_Pack_Shang_Whang_Mushr.jpg,Rp28.000,https://www.bukalapak.com/p/perawatan-kecantikan/perawatan-wajah/masker-wajah-wanita/4uqbfw-jual-oriental-herbal-skincare-premium-mask-pack-shang-whang-mushroom-sensitive-type-from-korea-masker-jamur-shang-whang-untuk-menormalkan-kulit-wajah-sensitif-khusus-kulit-wajah-sensitive-dari-korea,
facial headband/bando mandi  ,Kosmetik JKT,,https://s3.bukalapak.com/img/315991076/s-194-194/facial_headband_bando_mandi__.jpg,Rp8.000,https://www.bukalapak.com/p/perawatan-kecantikan/perawatan-wajah/masker-wajah-wanita/4uqb2z-jual-facial-headband-bando-mandi,
[PT.Agrindo] Serum Vitamin C COLLAGEN BPOM 18141900264  ,Kosmetik JKT,,https://s4.bukalapak.com/img/985591076/s-194-194/_PTAgrindo__Serum_Vitamin_C_COLLAGEN_BPOM_18141900264__.png,Rp12.000,https://www.bukalapak.com/p/perawatan-kecantikan/perawatan-wajah/pembersih-wajah-wanita/4uqavz-jual-pt-agrindo-serum-vitamin-c-collagen-bpom-18141900264,
KORSET CELANA (FEELING TOUCH)  ,Kosmetik JKT,,https://s3.bukalapak.com/img/870691076/s-194-194/KORSET_CELANA__FEELING_TOUCH___.jpg,Rp64.000,https://www.bukalapak.com/p/perawatan-kecantikan/perawatan-wajah/masker-wajah-wanita/4uq9ub-jual-korset-celana-feeling-touch,
Oriental Herbal Skincare Premium Mask Pack Agaricus elastyc type from Korea / Masker Agaricus untuk mengurangi kemerahan Atau iritasi kulit wajah normal Atau berminyak Dari korea ,Kosmetik JKT,,https://s3.bukalapak.com/img/889291076/s-194-194/Oriental_Herbal_Skincare_Premium_Mask_Pack_Agaricus_elastyc_.jpg,Rp28.000,https://www.bukalapak.com/p/perawatan-kecantikan/perawatan-wajah/masker-wajah-wanita/4uq8an-jual-oriental-herbal-skincare-premium-mask-pack-agaricus-elastyc-type-from-korea-masker-agaricus-untuk-mengurangi-kemerahan-atau-iritasi-kulit-wajah-normal-atau-berminyak-dari-korea,
GLUCOGEN ( PER SACHET )  ,Kosmetik JKT,,https://s3.bukalapak.com/img/814291076/s-194-194/GLUCOGEN___PER_SACHET____.jpg,Rp29.600,https://www.bukalapak.com/p/perawatan-kecantikan/perawatan-wajah/masker-wajah-wanita/4uq84k-jual-glucogen-per-sachet,
KUAS MAKE UP KOMPLIT/LENGKAP  ,Kosmetik JKT,,https://s2.bukalapak.com/img/225091076/s-194-194/KUAS_MAKE_UP_KOMPLIT_LENGKAP__.jpg,Rp19.200,https://www.bukalapak.com/p/perawatan-kecantikan/perawatan-wajah/masker-wajah-wanita/4uq7bk-jual-kuas-make-up-komplit-lengkap,
PENGUMUMAN  ,Kosmetik JKT,,https://s4.bukalapak.com/img/968881076/s-194-194/PENGUMUMAN__.jpg,Rp1.422.200,https://www.bukalapak.com/p/perawatan-kecantikan/perawatan-wajah/masker-wajah-wanita/4uq6lb-jual-pengumuman,
GLUTATHION TATHIONE PEMUTIH KOREA, VITAMIN PEMUTIH KULIT ( ECER 250 BUTIR ),Kosmetik JKT,,https://s0.bukalapak.com/img/052239665/s-194-194/GLUTATHION__TATHIONE_PEMUTIH_KOREA__VITAMIN_PEMUTIH_KULIT___.jpg,Rp398.000Rp358.200,https://www.bukalapak.com/p/perawatan-kecantikan/perawatan-wajah/suplemen-wajah-pria/43kyu5-jual-glutathion-tathione-pemutih-korea-vitamin-pemutih-kulit-ecer-250-butir,
cream+sabun pemutih wajah-untuk semua jenis kulit menghilangkan flek flek hitam,Kosmetik JKT,,https://s2.bukalapak.com/img/742656683/s-194-194/cream_sabun_pemutih_wajah_untuk_semua_jenis_kulit_menghilang.jpg,Rp190.000Rp152.000,https://www.bukalapak.com/p/perawatan-kecantikan/perawatan-wajah/pembersih-wajah-pria/1i8agy-jual-cream-sabun-pemutih-wajah-untuk-semua-jenis-kulit-menghilangkan-flek-flek-hitam,
OBAT JERAWAT TERBAIK TERCEPAT TANPA EFEK SAMPING ● ORIGINAL ,Kosmetik JKT,,https://s2.bukalapak.com/img/279497803/s-194-194/OBAT_JERAWAT_TERBAIK_TERCEPAT_TANPA_EFEK_SAMPING_000_ORIGINA.jpg,Rp129.000Rp116.1005.0(1),https://www.bukalapak.com/p/perawatan-kecantikan/perawatan-wajah/suplemen-wajah-pria/25jv7m-jual-obat-jerawat-terbaik-tercepat-tanpa-efek-samping-original,
CREAM JERAWAT AMPUH TANPA EFEK SAMPING ● YOFUME ACNE ORIGINAL,Kosmetik JKT,,https://s2.bukalapak.com/img/739285192/s-194-194/CREAM_JERAWAT_AMPUH_TANPA_EFEK_SAMPING_000_YOFUME_ACNE_ORIGI.jpg,Rp120.000Rp108.000,https://www.bukalapak.com/p/perawatan-kecantikan/perawatan-wajah/pembersih-wajah-pria/20vk07-jual-cream-jerawat-ampuh-tanpa-efek-samping-yofume-acne-original,
MAGIC GLOSSY  ,Kosmetik JKT,,https://s2.bukalapak.com/img/216481076/s-194-194/MAGIC_GLOSSY__.jpg,Rp75.200,https://www.bukalapak.com/p/perawatan-kecantikan/perawatan-wajah/masker-wajah-wanita/4uq5bb-jual-magic-glossy,
Sample Cathy Doll So Happy Berry Yogurt Peeling Gel Murah,Kosmetik JKT,,https://s0.bukalapak.com/img/538381076/s-194-194/Sample_Cathy_Doll_So_Happy_Berry_Yogurt_Peeling_Gel_Murah.png,Rp25.400,https://www.bukalapak.com/p/perawatan-kecantikan/perawatan-wajah/pembersih-wajah-wanita/4uq55t-jual-sample-cathy-doll-so-happy-berry-yogurt-peeling-gel-murah,
KORSET KIM KARDASHIAN / WAIST TRAINING  ,Kosmetik JKT,,https://s1.bukalapak.com/img/104281076/s-194-194/KORSET_KIM_KARDASHIAN___WAIST_TRAINING__.jpg,Rp63.200,https://www.bukalapak.com/p/perawatan-kecantikan/perawatan-wajah/masker-wajah-wanita/4uq4it-jual-korset-kim-kardashian-waist-training,
SABUN VAMPIRE  ,Kosmetik JKT,,https://s3.bukalapak.com/img/380971076/s-194-194/SABUN_VAMPIRE__.jpg,Rp17.600,https://www.bukalapak.com/p/perawatan-kecantikan/perawatan-wajah/masker-wajah-wanita/4uq3i8-jual-sabun-vampire,
LOW BACK BRA STRAP STRIP (TALI BH BACKLESS)  ,Kosmetik JKT,,https://s3.bukalapak.com/img/304771076/s-194-194/LOW_BACK_BRA_STRAP_STRIP__TALI_BH_BACKLESS___.jpg,Rp25.600,https://www.bukalapak.com/p/perawatan-kecantikan/perawatan-wajah/masker-wajah-wanita/4uq2rq-jual-low-back-bra-strap-strip-tali-bh-backless,
CREAM HERBAL VEGE FPD ORIGINAL  ,Kosmetik JKT,,https://s2.bukalapak.com/img/798571076/s-194-194/CREAM_HERBAL_VEGE_FPD_ORIGINAL__.jpg,Rp55.200,https://www.bukalapak.com/p/perawatan-kecantikan/perawatan-wajah/masker-wajah-wanita/4uq2dn-jual-cream-herbal-vege-fpd-original,
MR. PRO ORIGINAL HWI  ,Kosmetik JKT,,https://s2.bukalapak.com/img/269371076/s-194-194/MR_PRO_ORIGINAL_HWI__.jpg,Rp166.400,https://www.bukalapak.com/p/perawatan-kecantikan/perawatan-wajah/masker-wajah-wanita/4uq1oq-jual-mr-pro-original-hwi,
SERUM VEGE BER POM  ,Kosmetik JKT,,https://s2.bukalapak.com/img/295171076/s-194-194/SERUM_VEGE_BER_POM__.jpg,Rp44.800,https://www.bukalapak.com/p/perawatan-kecantikan/perawatan-wajah/masker-wajah-wanita/4uq0x2-jual-serum-vege-ber-pom,
SENTER POMPA  ,Kosmetik JKT,,https://s3.bukalapak.com/img/369961076/s-194-194/SENTER_POMPA__.jpg,Rp14.900,https://www.bukalapak.com/p/perawatan-kecantikan/perawatan-wajah/masker-wajah-wanita/4uq08z-jual-senter-pompa,
SERUM ALPHA ARBUTIN LABDEE ORIGINAL THAILAND  ,Kosmetik JKT,,https://s0.bukalapak.com/img/582961076/s-194-194/SERUM_ALPHA_ARBUTIN_LABDEE_ORIGINAL_THAILAND__.jpg,Rp88.000,https://www.bukalapak.com/p/perawatan-kecantikan/perawatan-wajah/pembersih-wajah-wanita/4uq07n-jual-serum-alpha-arbutin-labdee-original-thailand,
NOSE SECRET (MANCUNG TANPA OPERASI)  ,Kosmetik JKT,,https://s0.bukalapak.com/img/054661076/s-194-194/NOSE_SECRET__MANCUNG_TANPA_OPERASI___.jpg,Rp22.800,https://www.bukalapak.com/p/perawatan-kecantikan/perawatan-wajah/masker-wajah-wanita/4upz8q-jual-nose-secret-mancung-tanpa-operasi,
Gluta Over White Original Thailand  ,Kosmetik JKT,,https://s4.bukalapak.com/img/936361076/s-194-194/Gluta_Over_White_Original_Thailand__.jpg,Rp46.400,https://www.bukalapak.com/p/perawatan-kecantikan/perawatan-wajah/masker-wajah-wanita/4upyb5-jual-gluta-over-white-original-thailand,
gillette goal klik,Kosmetik JKT,,https://s3.bukalapak.com/img/802051076/s-194-194/gillette_goal_klik.jpg,Rp6.000,https://www.bukalapak.com/p/perawatan-kecantikan/perawatan-wajah/masker-wajah-wanita/4upx7e-jual-gillette-goal-klik,
Snail White Cream ORIGINAL 100% BY NAMU THAILAND  ,Kosmetik JKT,,https://s2.bukalapak.com/img/792061076/s-194-194/Snail_White_Cream_ORIGINAL_100__BY_NAMU_THAILAND__.jpg,Rp136.000,https://www.bukalapak.com/p/perawatan-kecantikan/perawatan-wajah/pembersih-wajah-wanita/4upwzt-jual-snail-white-cream-original-100-by-namu-thailand,
batu bacan doko dominan biru (harga murah kode 114) sapa cepat dia dapat!!!,Kosmetik JKT,,https://s3.bukalapak.com/img/385035533/s-194-194/batu_bacan_doko_dominan_biru__harga_murah_kode_114__sapa_cep.jpg,Rp295.000,https://www.bukalapak.com/p/perawatan-kecantikan/perawatan-wajah/pembersih-wajah-pria/2d1gf3-jual-batu-bacan-doko-dominan-biru-harga-murah-kode-114-sapa-cepat-dia-dapat,
Bacan Doko Dominan Biru (Harga Murah Kode 123) sapa cepat dia dapat;,Kosmetik JKT,,https://s4.bukalapak.com/img/972543183/s-194-194/Bacan_Doko_Dominan_Biru__Harga_Murah_Kode_123__sapa_cepat_di.jpg,Rp375.000,https://www.bukalapak.com/p/perawatan-kecantikan/perawatan-wajah/pembersih-wajah-wanita/2pmcbv-jual-bacan-doko-dominan-biru-harga-murah-kode-123-sapa-cepat-dia-dapat,
SKII Brightening Set ( Medium),911personalcare,,https://s3.bukalapak.com/img/811273076/s-194-194/SKII_Brightening_Set___Medium_.jpg,Rp545.000,https://www.bukalapak.com/p/perawatan-kecantikan/perawatan-wajah/suplemen-wajah-wanita/4us30t-jual-skii-brightening-set-medium,
WA-005 Pengaman Stop Kontak A Listrik Untuk Bayi/Anak (Isi 6pcs+1kunci)  ,911personalcare,,https://s3.bukalapak.com/img/394273076/s-194-194/WA_005_Pengaman_Stop_Kontak_A_Listrik_Untuk_Bayi_Anak__Isi_6.jpg,Rp18.400,https://www.bukalapak.com/p/perawatan-kecantikan/perawatan-wajah/masker-wajah-wanita/4us2yn-jual-wa-005-pengaman-stop-kontak-a-listrik-untuk-bayi-anak-isi-6pcs-1kunci,
testi cream sr12,911personalcare,,https://s3.bukalapak.com/img/392173076/s-194-194/IMG_20161122_WA0016_scaled.jpg,Rp260.000,https://www.bukalapak.com/p/perawatan-kecantikan/perawatan-wajah/masker-wajah-wanita/4us2pe-jual-testi-cream-sr12,
3 window Storage  ,911personalcare,,https://s4.bukalapak.com/img/932173076/s-194-194/3_window_Storage__.jpg,Rp49.600,https://www.bukalapak.com/p/perawatan-kecantikan/perawatan-wajah/masker-wajah-wanita/4us2m2-jual-3-window-storage,
Cathy Doll Oh! So Clean Makeup Cleansing Milk Diskon,911personalcare,,https://s3.bukalapak.com/img/353173076/s-194-194/Cathy_Doll_Oh__So_Clean_Makeup_Cleansing_Milk_Diskon.jpg,Rp188.500,https://www.bukalapak.com/p/perawatan-kecantikan/perawatan-wajah/pembersih-wajah-wanita/4us2jq-jual-cathy-doll-oh-so-clean-makeup-cleansing-milk-diskon,
Vibrator Mini Face Massager  ,911personalcare,,https://s2.bukalapak.com/img/226963076/s-194-194/Vibrator_Mini_Face_Massager__.jpg,Rp47.200,https://www.bukalapak.com/p/perawatan-kecantikan/perawatan-wajah/masker-wajah-wanita/4us26t-jual-vibrator-mini-face-massager,
Onion choper  ,911personalcare,,https://s4.bukalapak.com/img/941863076/s-194-194/Onion_choper__.jpg,Rp19.200,https://www.bukalapak.com/p/perawatan-kecantikan/perawatan-wajah/masker-wajah-wanita/4us1j2-jual-onion-choper,
ION FACE MASSAGER / seterika (setrika) wajah  ,911personalcare,,https://s1.bukalapak.com/img/132763076/s-194-194/ION_FACE_MASSAGER___seterika__setrika__wajah__.jpg,Rp83.200,https://www.bukalapak.com/p/perawatan-kecantikan/perawatan-wajah/pembersih-wajah-wanita/4us1iq-jual-ion-face-massager-seterika-setrika-wajah,
Baby Mosquito Net with pillow  ,911personalcare,,https://s2.bukalapak.com/img/775663076/s-194-194/Baby_Mosquito_Net_with_pillow__.jpg,Rp84.000,https://www.bukalapak.com/p/perawatan-kecantikan/perawatan-wajah/masker-wajah-wanita/4us11w-jual-baby-mosquito-net-with-pillow,
Hair curly  ,911personalcare,,https://s2.bukalapak.com/img/263563076/s-194-194/Hair_curly__.jpg,Rp28.800,https://www.bukalapak.com/p/perawatan-kecantikan/perawatan-wajah/masker-wajah-wanita/4us0nk-jual-hair-curly,
Meishoku Organic Rose Moisture Foam / Serum  Wajah Original Jepang Berkualitas,911personalcare,,https://s4.bukalapak.com/img/992263076/s-194-194/Meishoku_Organic_Rose_Moisture_Foam___Serum__Wajah_Original_.jpg,Rp318.500,https://www.bukalapak.com/p/perawatan-kecantikan/perawatan-wajah/suplemen-wajah-wanita/4us0jb-jual-meishoku-organic-rose-moisture-foam-serum-wajah-original-jepang-berkualitas,
Moji The Jeju Whitening Night Essence (Krim Malam Korea) berBPOM,911personalcare,,https://s3.bukalapak.com/img/386263076/s-194-194/Moji_The_Jeju_Whitening_Night_Essence__Krim_Malam_Korea__ber.JPG,Rp88.000,https://www.bukalapak.com/p/perawatan-kecantikan/perawatan-wajah/pembersih-wajah-wanita/4us0ie-jual-moji-the-jeju-whitening-night-essence-krim-malam-korea-berbpom,
Manual Juicer / Mini Press Orange  ,911personalcare,,https://s3.bukalapak.com/img/832363076/s-194-194/Manual_Juicer___Mini_Press_Orange__.jpg,Rp33.600,https://www.bukalapak.com/p/perawatan-kecantikan/perawatan-wajah/masker-wajah-wanita/4urzuh-jual-manual-juicer-mini-press-orange,
VAPUR ANGRY BIRDS  ,911personalcare,,https://s0.bukalapak.com/img/576163076/s-194-194/VAPUR_ANGRY_BIRDS__.jpg,Rp9.600,https://www.bukalapak.com/p/perawatan-kecantikan/perawatan-wajah/masker-wajah-wanita/4urzdk-jual-vapur-angry-birds,
Kuas make up set 5  ,911personalcare,,https://s1.bukalapak.com/img/613063076/s-194-194/Kuas_make_up_set_5__.jpg,Rp19.200,https://www.bukalapak.com/p/perawatan-kecantikan/perawatan-wajah/masker-wajah-wanita/4uryx8-jual-kuas-make-up-set-5,
MINI VACUUM HELLO KITTY  ,911personalcare,,https://s3.bukalapak.com/img/377653076/s-194-194/MINI_VACUUM_HELLO_KITTY__.jpg,Rp40.000,https://www.bukalapak.com/p/perawatan-kecantikan/perawatan-wajah/masker-wajah-wanita/4ury8z-jual-mini-vacuum-hello-kitty,
Sabun Sirih untuk miss V  ,911personalcare,,https://s0.bukalapak.com/img/002353076/s-194-194/Sabun_Sirih_untuk_miss_V__.jpg,Rp8.300,https://www.bukalapak.com/p/perawatan-kecantikan/perawatan-wajah/masker-wajah-wanita/4urwdq-jual-sabun-sirih-untuk-miss-v,
Magic Spon Pembersih Serbaguna  ,911personalcare,,https://s2.bukalapak.com/img/218053076/s-194-194/Magic_Spon_Pembersih_Serbaguna__.jpg,Rp7.800,https://www.bukalapak.com/p/perawatan-kecantikan/perawatan-wajah/masker-wajah-wanita/4uruyn-jual-magic-spon-pembersih-serbaguna,
Magic Stick ( Pembersih serbaguna) hrg untuk 2 pcs ( perset = 2 pcs )  ,911personalcare,,https://s3.bukalapak.com/img/856843076/s-194-194/Magic_Stick___Pembersih_serbaguna__hrg_untuk_2_pcs___perset_.jpg,Rp14.400,https://www.bukalapak.com/p/perawatan-kecantikan/perawatan-wajah/masker-wajah-wanita/4urtuh-jual-magic-stick-pembersih-serbaguna-hrg-untuk-2-pcs-perset-2-pcs,
AHH BRA  ,911personalcare,,https://s3.bukalapak.com/img/860743076/s-194-194/AHH_BRA__.jpg,Rp24.000,https://www.bukalapak.com/p/perawatan-kecantikan/perawatan-wajah/masker-wajah-wanita/4urtc8-jual-ahh-bra,
Cream Plus Collagen WHITENING (DAY CREAM + NIGHT CREAM)  ,911personalcare,,https://s0.bukalapak.com/img/052543076/s-194-194/Cream_Plus_Collagen_WHITENING__DAY_CREAM___NIGHT_CREAM___.jpg,Rp24.000,https://www.bukalapak.com/p/perawatan-kecantikan/perawatan-wajah/pembersih-wajah-wanita/4urtat-jual-cream-plus-collagen-whitening-day-cream-night-cream,
Moji Miracle BB (Beauty Balm) Cream untuk kulit normal,911personalcare,,https://s2.bukalapak.com/img/220243076/s-194-194/Moji_Miracle_BB__Beauty_Balm__Cream_untuk_kulit_normal.JPG,Rp88.000,https://www.bukalapak.com/p/perawatan-kecantikan/perawatan-wajah/pembersih-wajah-pria/4urrbb-jual-moji-miracle-bb-beauty-balm-cream-untuk-kulit-normal,
Pembersih debu microfiber  ,911personalcare,,https://s2.bukalapak.com/img/754243076/s-194-194/Pembersih_debu_microfiber__.jpg,Rp28.800,https://www.bukalapak.com/p/perawatan-kecantikan/perawatan-wajah/masker-wajah-wanita/4urr72-jual-pembersih-debu-microfiber,
KISS Whitening Collagen Cream Mask 30ml original  ,911personalcare,,https://s0.bukalapak.com/img/045043076/s-194-194/KISS_Whitening_Collagen_Cream_Mask_30ml_original__.jpg,Rp544.000,https://www.bukalapak.com/p/perawatan-kecantikan/perawatan-wajah/pembersih-wajah-wanita/4urqsw-jual-kiss-whitening-collagen-cream-mask-30ml-original,
MINI MASSAGER / Alat Pijat Mini Dan Praktis  ,911personalcare,,https://s4.bukalapak.com/img/410143076/s-194-194/MINI_MASSAGER___Alat_Pijat_Mini_Dan_Praktis__.jpg,Rp20.000,https://www.bukalapak.com/p/perawatan-kecantikan/perawatan-wajah/masker-wajah-wanita/4urqf8-jual-mini-massager-alat-pijat-mini-dan-praktis,
Cover / Pelindung Keyboard Notebook  ,911personalcare,,https://s0.bukalapak.com/img/058933076/s-194-194/Cover___Pelindung_Keyboard_Notebook__.jpg,Rp9.600,https://www.bukalapak.com/p/perawatan-kecantikan/perawatan-wajah/masker-wajah-wanita/4urq1q-jual-cover-pelindung-keyboard-notebook,
Aura Day & Night Cream by Little Baby Berkualitas,911personalcare,,https://s2.bukalapak.com/img/229933076/s-194-194/Aura_Day___Night_Cream_by_Little_Baby_Berkualitas.jpg,Rp130.000,https://www.bukalapak.com/p/perawatan-kecantikan/perawatan-wajah/suplemen-wajah-wanita/4urpyw-jual-aura-day-night-cream-by-little-baby-berkualitas,
BRA PARTY HITAM & CREAM ~ UK Yg Ready Bisa Dicek Di Kolom  ,911personalcare,,https://s0.bukalapak.com/img/506833076/s-194-194/BRA_PARTY_HITAM___CREAM___UK_Yg_Ready_Bisa_Dicek_Di_Kolom__.jpg,Rp52.800,https://www.bukalapak.com/p/perawatan-kecantikan/perawatan-wajah/masker-wajah-wanita/4urppt-jual-bra-party-hitam-cream-uk-yg-ready-bisa-dicek-di-kolom,
acne peel dan mask kefir,911personalcare,,https://s4.bukalapak.com/img/988633076/s-194-194/IMG_20161122_WA0015_scaled.jpg,Rp185.000,https://www.bukalapak.com/p/perawatan-kecantikan/perawatan-wajah/masker-wajah-wanita/4urpoq-jual-acne-peel-dan-mask-kefir,
Bra Pengencang Payudara  ,911personalcare,,https://s2.bukalapak.com/img/703633076/s-194-194/Bra_Pengencang_Payudara__.jpg,Rp71.200,https://www.bukalapak.com/p/perawatan-kecantikan/perawatan-wajah/masker-wajah-wanita/4urohh-jual-bra-pengencang-payudara,
Tritan Bottle BPA FREE with Fruit  ,Gudang Kosmetik,4.0(1),https://s3.bukalapak.com/img/847852076/s-194-194/Tritan_Bottle_BPA_FREE_with_Fruit__.jpg,Rp80.000,https://www.bukalapak.com/p/perawatan-kecantikan/perawatan-wajah/masker-wajah-wanita/4uqwnb-jual-tritan-bottle-bpa-free-with-fruit,
GENIE BRA  ,Gudang Kosmetik,4.0(1),https://s0.bukalapak.com/img/088552076/s-194-194/GENIE_BRA__.jpg,Rp113.600,https://www.bukalapak.com/p/perawatan-kecantikan/perawatan-wajah/masker-wajah-wanita/4uqv55-jual-genie-bra,
Tritan ( 2nd generation)  ,Gudang Kosmetik,4.0(1),https://s4.bukalapak.com/img/903352076/s-194-194/Tritan___2nd_generation___.jpg,Rp104.000,https://www.bukalapak.com/p/perawatan-kecantikan/perawatan-wajah/masker-wajah-wanita/4uqu05-jual-tritan-2nd-generation,
ION MASSAGER ( strika wajah )  ,Gudang Kosmetik,4.0(1),https://s0.bukalapak.com/img/017152076/s-194-194/ION_MASSAGER___strika_wajah____.jpg,Rp36.000,https://www.bukalapak.com/p/perawatan-kecantikan/perawatan-wajah/masker-wajah-wanita/4uqt4k-jual-ion-massager-strika-wajah,
SNP Animal Mask ~ Masker Animal ~ Animal Face Mask,Gudang Kosmetik,4.0(1),https://s3.bukalapak.com/img/864295316/s-194-194/SNP_Animal_Mask___Masker_Animal___Animal_Face_Mask.jpeg,Rp4.0004.0(1),https://www.bukalapak.com/p/perawatan-kecantikan/perawatan-wajah/masker-wajah-wanita/4frl25-jual-snp-animal-mask-masker-animal-animal-face-mask,
Toner Temulawak Pasir Padi Original,Gudang Kosmetik,4.0(1),https://s3.bukalapak.com/img/347538146/s-194-194/pasir_toner.jpg,Rp15.500,https://www.bukalapak.com/p/perawatan-kecantikan/perawatan-wajah/pembersih-wajah-wanita/4ng65h-jual-toner-temulawak-pasir-padi-original,
NEW Nano mist emily ( CHARGE LISTRIK)  ,Gudang Kosmetik,4.0(1),https://s2.bukalapak.com/img/234052076/s-194-194/NEW_Nano_mist_emily___CHARGE_LISTRIK___.jpg,Rp176.000,https://www.bukalapak.com/p/perawatan-kecantikan/perawatan-wajah/masker-wajah-wanita/4uqsq8-jual-new-nano-mist-emily-charge-listrik,
Masker Wajah Herbal Alami Greenmask Spirulina Obat Jerawat Komedo Flek Hitam Kulit putih ,Gudang Kosmetik,4.0(1),https://s3.bukalapak.com/img/863965346/s-194-194/Masker_Wajah_Herbal_Alami_Greenmask_Spirulina_Obat_Jerawat_K.jpg,Rp250.000,https://www.bukalapak.com/p/perawatan-kecantikan/perawatan-wajah/masker-wajah-wanita/40eb5h-jual-masker-wajah-herbal-alami-greenmask-spirulina-obat-jerawat-komedo-flek-hitam-kulit-putih,
krim elora,Gudang Kosmetik,4.0(1),https://s3.bukalapak.com/img/810532076/s-194-194/images__59__scaled.jpg,Rp185.000,https://www.bukalapak.com/p/perawatan-kecantikan/perawatan-wajah/pembersih-wajah-wanita/4uqrvq-jual-krim-elora,
EGG WHITE MASK (MASKER PUTIH TELUR)  ,Gudang Kosmetik,4.0(1),https://s4.bukalapak.com/img/916642076/s-194-194/EGG_WHITE_MASK__MASKER_PUTIH_TELUR___.jpg,Rp11.000,https://www.bukalapak.com/p/perawatan-kecantikan/perawatan-wajah/masker-wajah-wanita/4uqrmk-jual-egg-white-mask-masker-putih-telur,
Rainbow Loom Bands Colorful / gelang karet handmade - lengkap  ,Gudang Kosmetik,4.0(1),https://s4.bukalapak.com/img/920542076/s-194-194/Rainbow_Loom_Bands_Colorful___gelang_karet_handmade___lengka.jpg,Rp24.000,https://www.bukalapak.com/p/perawatan-kecantikan/perawatan-wajah/masker-wajah-wanita/4uqr5t-jual-rainbow-loom-bands-colorful-gelang-karet-handmade-lengkap,
2nd Gen Bag in Bag ( 5 bag )  ,Gudang Kosmetik,4.0(1),https://s2.bukalapak.com/img/247342076/s-194-194/2nd_Gen_Bag_in_Bag___5_bag____.jpg,Rp59.200,https://www.bukalapak.com/p/perawatan-kecantikan/perawatan-wajah/masker-wajah-wanita/4uqqqh-jual-2nd-gen-bag-in-bag-5-bag,
OBAT CREAM MATA PANDA AUBEAU EYE LIFT GEL ASLI ( Obat Kantung Mata / Mata Panda Hilangkan Flek Hitam dan Pemutih Kulit Area Mata, Cegah Keriput.,Gudang Kosmetik,4.0(1),https://s0.bukalapak.com/img/536879145/s-194-194/OBAT_CREAM_MATA_PANDA_AUBEAU_EYE_LIFT_GEL_ASLI___Obat_Kantun.jpg,Rp82.000,https://www.bukalapak.com/p/perawatan-kecantikan/perawatan-wajah/masker-wajah-wanita/3wribb-jual-obat-cream-mata-panda-aubeau-eye-lift-gel-asli-obat-kantung-mata-mata-panda-hilangkan-flek-hitam-dan-pemutih-kulit-area-mata-cegah-keriput,
BIBIT TOMAT  ,Gudang Kosmetik,4.0(1),https://s0.bukalapak.com/img/590242076/s-194-194/BIBIT_TOMAT__.jpg,Rp32.000,https://www.bukalapak.com/p/perawatan-kecantikan/perawatan-wajah/masker-wajah-wanita/4uqq8q-jual-bibit-tomat,
Cehuloss Breast Vakum Msgg (MENGENCANGkan & MEMBESARKAN PAYUDARA)  ,Gudang Kosmetik,4.0(1),https://s0.bukalapak.com/img/503932076/s-194-194/Cehuloss_Breast_Vakum_Msgg__MENGENCANGkan___MEMBESARKAN_PAYU.jpg,Rp296.000,https://www.bukalapak.com/p/perawatan-kecantikan/perawatan-wajah/masker-wajah-wanita/4uqpah-jual-cehuloss-breast-vakum-msgg-mengencangkan-membesarkan-payudara,
Cream Baby-G - BPOM - Original Diskon,Gudang Kosmetik,4.0(1),https://s4.bukalapak.com/img/943732076/s-194-194/Cream_Baby_G___BPOM___Original_Diskon.jpg,Rp78.700,https://www.bukalapak.com/p/perawatan-kecantikan/perawatan-wajah/masker-wajah-wanita/4uqoz5-jual-cream-baby-g-bpom-original-diskon,
Cream temulawak HOLO EMAS ORIGINAL  ,Gudang Kosmetik,4.0(1),https://s1.bukalapak.com/img/176632076/s-194-194/Cream_temulawak_HOLO_EMAS_ORIGINAL__.png,Rp24.000,https://www.bukalapak.com/p/perawatan-kecantikan/perawatan-wajah/pembersih-wajah-wanita/4uqolh-jual-cream-temulawak-holo-emas-original,
Travel Dining Tray  ,Gudang Kosmetik,4.0(1),https://s3.bukalapak.com/img/857632076/s-194-194/Travel_Dining_Tray__.jpg,Rp40.000,https://www.bukalapak.com/p/perawatan-kecantikan/perawatan-wajah/masker-wajah-wanita/4uqo2h-jual-travel-dining-tray,
Lipstik Hare / Lisptik Arab (Halal)  ,Gudang Kosmetik,4.0(1),https://s1.bukalapak.com/img/195532076/s-194-194/Lipstik_Hare___Lisptik_Arab__Halal___.jpg,Rp5.600,https://www.bukalapak.com/p/perawatan-kecantikan/perawatan-wajah/masker-wajah-wanita/4uqnp2-jual-lipstik-hare-lisptik-arab-halal,
Shampoo Caviar ( versi original tutup btl spt foto )  ,Gudang Kosmetik,4.0(1),https://s2.bukalapak.com/img/239332076/s-194-194/Shampoo_Caviar___versi_original__tutup_btl_spt_foto____.jpg,Rp32.000,https://www.bukalapak.com/p/perawatan-kecantikan/perawatan-wajah/masker-wajah-wanita/4uqn85-jual-shampoo-caviar-versi-original-tutup-btl-spt-foto,
masker kefir.....,Gudang Kosmetik,4.0(1),https://s4.bukalapak.com/img/974422076/s-194-194/Shopee_51fd574a8e96fb0e83d5862bbada2e05_scaled.jpg,Rp50.000,https://www.bukalapak.com/p/perawatan-kecantikan/perawatan-wajah/masker-wajah-wanita/4uqmx5-jual-masker-kefir,
Oriental Herbal Skincare Premium Mask Pack Wild Ginseng cleansing type from Korea / Masker ginseng untuk membersihkan kulit wajah berminyak Dari korea ,Gudang Kosmetik,4.0(1),https://s3.bukalapak.com/img/864232076/s-194-194/Oriental_Herbal_Skincare_Premium_Mask_Pack_Wild_Ginseng_clea.jpg,Rp28.000,https://www.bukalapak.com/p/perawatan-kecantikan/perawatan-wajah/masker-wajah-wanita/4uqmk2-jual-oriental-herbal-skincare-premium-mask-pack-wild-ginseng-cleansing-type-from-korea-masker-ginseng-untuk-membersihkan-kulit-wajah-berminyak-dari-korea,
BIOSPRAY TERAZTEE ( KOTAK BIRU ) Limited,Gudang Kosmetik,4.0(1),https://s3.bukalapak.com/img/805132076/s-194-194/BIOSPRAY_TERAZTEE___KOTAK_BIRU___Limited.jpg,Rp16.700,https://www.bukalapak.com/p/perawatan-kecantikan/perawatan-wajah/pembersih-wajah-wanita/4uqm65-jual-biospray-teraztee-kotak-biru-limited,
BIOSPRAY TERAZTEE ( KOTAK BIRU ) Limited,Gudang Kosmetik,4.0(1),https://s4.bukalapak.com/img/989032076/s-194-194/BIOSPRAY_TERAZTEE___KOTAK_BIRU___Limited.jpg,Rp19.600,https://www.bukalapak.com/p/perawatan-kecantikan/perawatan-wajah/pembersih-wajah-wanita/4uqm45-jual-biospray-teraztee-kotak-biru-limited,
CREAM SARI NEW PACK/KEMASAN BARU ( KEMASAN MERAH= KULIT NORMAL )  ,Gudang Kosmetik,4.0(1),https://s0.bukalapak.com/img/057922076/s-194-194/CREAM_SARI_NEW_PACK_KEMASAN_BARU___KEMASAN_MERAH__KULIT_NORM.jpg,Rp126.400,https://www.bukalapak.com/p/perawatan-kecantikan/perawatan-wajah/masker-wajah-wanita/4uqljk-jual-cream-sari-new-pack-kemasan-baru-kemasan-merah-kulit-normal,
MYMI (LENGAN +PIPI +PINGGANG ) WONDER PATCH  ,Gudang Kosmetik,4.0(1),https://s1.bukalapak.com/img/179812076/s-194-194/MYMI__LENGAN__PIPI__PINGGANG___WONDER_PATCH__.jpg,Rp27.200,https://www.bukalapak.com/p/perawatan-kecantikan/perawatan-wajah/masker-wajah-wanita/4uqj6z-jual-mymi-lengan-pipi-pinggang-wonder-patch,
MYMI (PAHA+ BETIS ) WONDERPATCH  ,Gudang Kosmetik,4.0(1),https://s0.bukalapak.com/img/000712076/s-194-194/MYMI__PAHA__BETIS___WONDERPATCH__.jpg,Rp17.600,https://www.bukalapak.com/p/perawatan-kecantikan/perawatan-wajah/masker-wajah-wanita/4uqhub-jual-mymi-paha-betis-wonderpatch,
pemutih wajah - penghilang flek hitam - penghilang jerawat - penghilang bekas jerawat,Gudang Kosmetik,4.0(1),https://s3.bukalapak.com/img/300630184/s-194-194/pemutih_wajah___penghilang_flek_hitam___penghilang_jerawat__.png,Rp99.000Rp94.1004.0(2)Gratis Biaya Kirim  ?,https://www.bukalapak.com/p/perawatan-kecantikan/perawatan-wajah/pembersih-wajah-pria/2s30p7-jual-pemutih-wajah-penghilang-flek-hitam-penghilang-jerawat-penghilang-bekas-jerawat,
BREAST SOAP K-BROTHERS USA (SABUN PEMBESAR+PENGENCANG PAYUDARA)  ,Gudang Kosmetik,4.0(1),https://s2.bukalapak.com/img/250312076/s-194-194/BREAST_SOAP_K_BROTHERS_USA__SABUN_PEMBESAR_PENGENCANG_PAYUDA.jpg,Rp8.300,https://www.bukalapak.com/p/perawatan-kecantikan/perawatan-wajah/masker-wajah-wanita/4uqgin-jual-breast-soap-k-brothers-usa-sabun-pembesar-pengencang-payudara,
ORGANIZER FIBER BRA BOX GREY 3 IN 1 (ADA TUTUPNYA)  ,Gudang Kosmetik,4.0(1),https://s4.bukalapak.com/img/972112076/s-194-194/ORGANIZER_FIBER_BRA_BOX_GREY_3_IN_1__ADA_TUTUPNYA___.jpg,Rp76.800,https://www.bukalapak.com/p/perawatan-kecantikan/perawatan-wajah/masker-wajah-wanita/4uqflq-jual-organizer-fiber-bra-box-grey-3-in-1-ada-tutupnya